model,config,params,acc,acc_std,precision,precision_std,recall,recall_std,f1,f1_std,mcc,mcc_std,auroc,auroc_std,prauc,prauc_std,composite,train_acc,train_f1,gap_acc,gap_f1
SVC-linear,SVC-linear_R1_C0.01_pca3,"{'model__C': 0.01, 'pca__n_components': 3}",0.2939718532485651,0.05057838999045609,0.32341611524283603,0.05751069533919755,0.33870435066364457,0.06813891945002203,0.23860363011453836,0.049111278242841824,0.12915344459518513,0.0584461557220267,0.7020387460007492,0.03983286079057988,0.31702002357787074,0.03309633277547167,0.37340012533000055,0.36219604033465075,0.30919637156250973,0.06822418708608563,0.07059274144797137
SVC-linear,SVC-linear_R1_C0.01_pca5,"{'model__C': 0.01, 'pca__n_components': 5}",0.3802217085764097,0.022683159493793792,0.39816770735123885,0.018851087630437604,0.5146806325619699,0.05932222149176024,0.35390498156070993,0.022331603311078772,0.2332159411640531,0.037908883448358195,0.7682140058437905,0.03015156373091073,0.41613741506147167,0.054785626254811155,0.46221678906806934,0.47451895588788506,0.4452444124317728,0.09429724731147537,0.09133943087106289
SVC-linear,SVC-linear_R1_C0.01_pca8,"{'model__C': 0.01, 'pca__n_components': 8}",0.44919710208055796,0.05394843605972109,0.4377062779810146,0.03521097827194239,0.5566013846760223,0.05958930515547398,0.41322326516384444,0.05137378993738848,0.3083403940401862,0.06722859400548646,0.8127715997275755,0.02795763467259078,0.47573120670822744,0.04947123154766352,0.5143748896307216,0.550606115000208,0.5160827290794252,0.10140901291964999,0.10285946391558076
SVC-linear,SVC-linear_R1_C0.01_pca12,"{'model__C': 0.01, 'pca__n_components': 12}",0.4847976650819672,0.06333174570771391,0.4605842251858291,0.038139041883285325,0.5871738777402975,0.06711887926525077,0.4401751669231272,0.05865443176997209,0.35231359597409273,0.07826966848446229,0.8439541954045499,0.03187690870982642,0.5202805826267314,0.06484870650934642,0.545537515845635,0.5800514290550913,0.5415416674001474,0.09525376397312413,0.10136650047702023
SVC-linear,SVC-linear_R1_C0.1_pca3,"{'model__C': 0.1, 'pca__n_components': 3}",0.29494469705105825,0.0484494813914946,0.32837396683955794,0.05085343747184532,0.34174390463641763,0.06422039583538788,0.24237119922690167,0.042761603691666414,0.13182799410951856,0.05397903822569658,0.7026036061201845,0.03940646484466518,0.31901337462079865,0.030567596542219525,0.37576619030081987,0.36848940289510296,0.3180010056928556,0.07354470584404471,0.07562980646595394
SVC-linear,SVC-linear_R1_C0.1_pca5,"{'model__C': 0.1, 'pca__n_components': 5}",0.4099101634234178,0.03250831944366431,0.4405055091040923,0.018981295175372365,0.5532495548391203,0.05249587549203052,0.3885089021117496,0.02728264666095503,0.2798829634778356,0.0520029551514331,0.7778035788754811,0.02869816734777803,0.43846345277342474,0.05329031802706973,0.4889712788746974,0.4872489660377264,0.46068481280059786,0.07733880261430859,0.07217591068884827
SVC-linear,SVC-linear_R1_C0.1_pca8,"{'model__C': 0.1, 'pca__n_components': 8}",0.4671980472401426,0.059679861109996575,0.4520280760546223,0.04455607400009756,0.5871678360065214,0.059235557471867845,0.4380264485961975,0.05698741396091396,0.3338900139317095,0.07324652393122469,0.8203250294898801,0.028885010393102303,0.501569920803809,0.06515110428477358,0.5355137921219537,0.5736358329512798,0.5431599787476674,0.10643778571113727,0.10513353015146992
SVC-linear,SVC-linear_R1_C0.1_pca12,"{'model__C': 0.1, 'pca__n_components': 12}",0.5179629159289683,0.06507973097882482,0.48179080311417,0.05626971616922172,0.6124506738640079,0.05178743040790295,0.4794733925416126,0.06457217155328132,0.38454194886248116,0.08440854461975149,0.8618650999748718,0.033959417807217715,0.5824787011340341,0.08987065985569705,0.5847410227022958,0.6237318027134702,0.5889854135407802,0.10576888678450191,0.10951202099916757
SVC-linear,SVC-linear_R1_C1_pca3,"{'model__C': 1, 'pca__n_components': 3}",0.2947516480113376,0.04712296914047778,0.32761198280894993,0.04969127236733771,0.3408867146057898,0.06278404553974039,0.2422471284161281,0.04092087689396816,0.13060404038144435,0.053622894371196175,0.7024966550368333,0.03944423526454573,0.3190747695705529,0.030633083796438608,0.3755413060591344,0.3684896450008084,0.3181458853763398,0.07373799698947081,0.0758987569602117
SVC-linear,SVC-linear_R1_C1_pca5,"{'model__C': 1, 'pca__n_components': 5}",0.4117494411971182,0.034325391356704975,0.44694612782669313,0.021932621174216634,0.5575132056080454,0.047189367578947636,0.3914891667617951,0.029943951236176505,0.2833385361614359,0.05331335115862155,0.779806380123321,0.02694037484883883,0.4427175600616199,0.05571491311218499,0.49195866496804425,0.4931036480317757,0.4667931839619969,0.0813542068346575,0.0753040172002018
SVC-linear,SVC-linear_R1_C1_pca8,"{'model__C': 1, 'pca__n_components': 8}",0.4763258680414686,0.05549398674790155,0.45569394984767675,0.043471782216744595,0.5892904008039958,0.036959290834340526,0.4479744146655891,0.05102987706623352,0.34196193167116434,0.0673246569708253,0.8223820305458103,0.02805116235715141,0.5204218165215313,0.06462133457288959,0.5464590656742342,0.5842473993468305,0.5584854048243333,0.10792153130536186,0.11051099015874416
SVC-linear,SVC-linear_R1_C1_pca12,"{'model__C': 1, 'pca__n_components': 12}",0.5333357736258826,0.0600819369004162,0.49347727985432954,0.05976047937249879,0.6179391929702163,0.04707719616711757,0.49684982482586165,0.06344137140816448,0.3974372785200964,0.0799235056161482,0.8666072508914544,0.03421307535113147,0.6130592506800109,0.08831570354422595,0.6028759049219735,0.6407330874201053,0.6143886267611584,0.10739731379422268,0.1175388019352967
SVC-linear,SVC-linear_R1_C10_pca3,"{'model__C': 10, 'pca__n_components': 3}",0.2944653936466056,0.04723060554511809,0.327356133235105,0.049410709587514694,0.3408027676836217,0.06283711144246354,0.24199603842056142,0.04093211708936874,0.1295789519365827,0.05453991061092674,0.7025839352258655,0.03941537188806974,0.3190108848927026,0.03070872449675918,0.37526546642718506,0.3683934965224118,0.31796253047096773,0.0739281028758062,0.07596649205040631
SVC-linear,SVC-linear_R1_C10_pca5,"{'model__C': 10, 'pca__n_components': 5}",0.4115608565780923,0.03416619784025522,0.4474292231252699,0.02161413987930951,0.5558677497713982,0.04624744405554623,0.392197030284795,0.030873598505229295,0.28266834783383726,0.052960629457547245,0.7798225450170013,0.026978499003625908,0.44371623867767546,0.056262642722931334,0.4924158142931297,0.49392086419000386,0.46821338304710114,0.08236000761191153,0.07601635276230612
SVC-linear,SVC-linear_R1_C10_pca8,"{'model__C': 10, 'pca__n_components': 8}",0.47565595706747316,0.05569391502956117,0.4536436937820299,0.04428914451641892,0.581504122109998,0.036547207580837376,0.44696241957505756,0.05118851490441821,0.33976804107128505,0.06673428797131441,0.8221624902359121,0.0280027054264103,0.5120210517945287,0.06661931806229465,0.5429558306350762,0.5864561763317233,0.5625576197752998,0.11080021926425015,0.11559520020024228
SVC-linear,SVC-linear_R1_C10_pca12,"{'model__C': 10, 'pca__n_components': 12}",0.5369893618683896,0.058641707406355645,0.4972398671010382,0.06097892700640106,0.6201674904099972,0.04712140554118097,0.5013398348311828,0.06276197910443407,0.40099871758083394,0.07913847515000524,0.867898875558134,0.03481775252399132,0.6212330366921947,0.09007359695558474,0.6076907434379315,0.6439046298000589,0.6193645146290153,0.10691526793166928,0.11802467979783249
SVC-linear,SVC-linear_R1_C100_pca3,"{'model__C': 100, 'pca__n_components': 3}",0.2940823830027902,0.047160885023799795,0.32689848780767744,0.049097968503576624,0.33979579289680667,0.06225303649883426,0.24152392276128162,0.04069475567398462,0.12900121088019723,0.05440860486741371,0.7025482361527635,0.03922535710517032,0.3189154130518819,0.030635299922780357,0.37497998041775404,0.3682013530331304,0.3178001111702933,0.07411897003034018,0.07627618840901165
SVC-linear,SVC-linear_R1_C100_pca5,"{'model__C': 100, 'pca__n_components': 5}",0.411656504418889,0.03437503080711928,0.44781370273410454,0.022205872173465806,0.5559109914181342,0.04640095442718779,0.39270389752909435,0.03135707172371067,0.2827096920845701,0.053250427223597144,0.7798405666194383,0.02695944766752962,0.44386263112421115,0.05623363157278813,0.49264045823186353,0.49408870082943573,0.4688037122048221,0.08243219641054672,0.07609981467572774
SVC-linear,SVC-linear_R1_C100_pca8,"{'model__C': 100, 'pca__n_components': 8}",0.47556118462480973,0.055852025199498445,0.45408795983824407,0.0445962602730564,0.582227056256386,0.036184666033236126,0.44743367114770854,0.051627551815359524,0.3397912440511565,0.06670259203217858,0.8219756278966279,0.0281647387761947,0.5133933736429103,0.06959472269015464,0.5435742222720656,0.5866484988212192,0.5630785823965372,0.11108731419640944,0.11564491124882864
SVC-linear,SVC-linear_R1_C100_pca12,"{'model__C': 100, 'pca__n_components': 12}",0.5377614327386182,0.06096150307376309,0.5006102895704184,0.0691477256746396,0.6186144823030986,0.05014346683770538,0.5029328874693038,0.0683180808101738,0.40196160426097177,0.08226071575169557,0.8681476790142921,0.03525493319672037,0.6203008697630942,0.0898527811740546,0.608071519787628,0.6443841735415778,0.6206393684680906,0.10662274080295964,0.11770648099878689
SVC-rbf,SVC-rbf_R1_C0.1_gscale_pca3,"{'model__C': 0.1, 'model__gamma': 'scale', 'pca__n_components': 3}",0.5758419413867084,0.04227364053979084,0.5834229371266575,0.06476496397906419,0.6492801845077933,0.03615120848175138,0.5779235604139027,0.055987151266364686,0.4481068057709683,0.0509855042499359,0.8927946747334149,0.015229697847527984,0.724416025189813,0.02900026548514728,0.6754643294963999,0.7081725620409198,0.7201647269392089,0.13233062065421142,0.14224116652530616
SVC-rbf,SVC-rbf_R1_C0.1_gscale_pca5,"{'model__C': 0.1, 'model__gamma': 'scale', 'pca__n_components': 5}",0.7655280745128141,0.02075136655434762,0.7646809327202154,0.03546515637656747,0.8119275147810768,0.03416296023152037,0.7717506969236292,0.033750209402704595,0.6844443531199025,0.03400337835830743,0.9485214867434563,0.016114601122243884,0.847515944355887,0.042264454529350466,0.8204962726131558,0.8553297872911297,0.8693962412426262,0.08980171277831561,0.09764554431899697
SVC-rbf,SVC-rbf_R1_C0.1_gscale_pca8,"{'model__C': 0.1, 'model__gamma': 'scale', 'pca__n_components': 8}",0.8045348876820982,0.012572852394935908,0.8043504117881671,0.04257554835303271,0.8492111065579684,0.02660384700441069,0.8138131400763017,0.030958987377991617,0.7356587422004902,0.018758317192878474,0.9604560963525366,0.017448956482179773,0.8958957787139271,0.028781412004569736,0.8591794299634913,0.8906571428319676,0.9045205710273796,0.08612225514986938,0.09070743095107792
SVC-rbf,SVC-rbf_R1_C0.1_gscale_pca12,"{'model__C': 0.1, 'model__gamma': 'scale', 'pca__n_components': 12}",0.8150371973781025,0.017420436609547448,0.814001198777469,0.04998759377010032,0.8557648775274872,0.027469601530552192,0.824061383570149,0.03853818289524882,0.7486203603595151,0.024557659999171373,0.9660474319861162,0.014655543759457625,0.9097760915748536,0.022000181684885337,0.8693825517749202,0.8994962305469638,0.9134435658349915,0.08445903316886127,0.08938218226484251
SVC-rbf,SVC-rbf_R1_C0.1_g0.01_pca3,"{'model__C': 0.1, 'model__gamma': 0.01, 'pca__n_components': 3}",0.37216692590251366,0.04864093210844162,0.3783863466965583,0.05239700026398229,0.42267706171414376,0.07072461701104393,0.3174637559062222,0.04769915516877684,0.21985191348987207,0.0625985349100082,0.7466214981510588,0.019154170384302456,0.3950419775442143,0.04576119685223738,0.44081056339845753,0.40640467370358646,0.3638902778994237,0.034237747801072804,0.046426521993201464
SVC-rbf,SVC-rbf_R1_C0.1_g0.01_pca5,"{'model__C': 0.1, 'model__gamma': 0.01, 'pca__n_components': 5}",0.39677202046735455,0.024702226573296064,0.42315532005099665,0.020481625336614257,0.530214040363264,0.040583935388823926,0.3755510798130423,0.032799130003850374,0.24844845360822898,0.028053466003571774,0.7951723815426123,0.01749600572299276,0.503676122858862,0.06753682284857866,0.5011504764920063,0.4881665138612517,0.4646295350747785,0.09139449339389716,0.08907845526173619
SVC-rbf,SVC-rbf_R1_C0.1_g0.01_pca8,"{'model__C': 0.1, 'model__gamma': 0.01, 'pca__n_components': 8}",0.4361477873649632,0.0326605583126261,0.4435425771798326,0.024115400526698215,0.5603603181900214,0.053229935909495894,0.40986902916363455,0.04085197658133252,0.29701047162689787,0.04406900625487855,0.8247315302706184,0.020808862315134208,0.535327240651062,0.06223694215826966,0.5312338352093818,0.534718077839512,0.5103973568187414,0.0985702904745488,0.10052832765510689
SVC-rbf,SVC-rbf_R1_C0.1_g0.01_pca12,"{'model__C': 0.1, 'model__gamma': 0.01, 'pca__n_components': 12}",0.46584260842114256,0.03391107367663935,0.46037730122976656,0.02419433687170199,0.5814953411915896,0.05409662869357834,0.4342032594298374,0.04529802447523326,0.3296030060312666,0.045042564511633756,0.8432080040602947,0.02203488579743741,0.5659988451686339,0.05471997572605263,0.5550012025380348,0.568199271029729,0.5389294244851595,0.10235666260858645,0.10472616505532206
SVC-rbf,SVC-rbf_R1_C0.1_g0.1_pca3,"{'model__C': 0.1, 'model__gamma': 0.1, 'pca__n_components': 3}",0.5762230219649218,0.04139393660668616,0.5835200855641878,0.0645534466765065,0.6496304640391207,0.03572416364267662,0.5781651607785919,0.05558455784594356,0.44849260351722203,0.050102465298671364,0.8930819808365676,0.014862888143500145,0.7246601833314475,0.02864543912480126,0.6756905486228835,0.7088702268279707,0.7208154212477116,0.13264720486304893,0.14265026046911966
SVC-rbf,SVC-rbf_R1_C0.1_g0.1_pca5,"{'model__C': 0.1, 'model__gamma': 0.1, 'pca__n_components': 5}",0.7810278052393189,0.021485121146328254,0.7812610966824012,0.04241427348655262,0.8245404954790094,0.036449213158231894,0.7887262228554146,0.042019570024678404,0.7041486134664714,0.03177864716891228,0.9536017657631992,0.012976622995456542,0.8562901486724968,0.037466354578117464,0.8323635594203823,0.8678423888782347,0.8802111546951596,0.08681458363891581,0.09148493183974504
SVC-rbf,SVC-rbf_R1_C0.1_g0.1_pca8,"{'model__C': 0.1, 'model__gamma': 0.1, 'pca__n_components': 8}",0.8230854760608093,0.011999902544691608,0.8244211254461209,0.04681729295328123,0.86150425163893,0.02869831645485442,0.8329939540990876,0.035485924343353056,0.7588266667684642,0.01789494007376682,0.9650146537111812,0.015453081500637107,0.9060910971755604,0.02515612375556084,0.8728327948862934,0.9037203056604038,0.9155262484181572,0.08063482959959456,0.08253229431906961
SVC-rbf,SVC-rbf_R1_C0.1_g0.1_pca12,"{'model__C': 0.1, 'model__gamma': 0.1, 'pca__n_components': 12}",0.8324443207588164,0.019564481153946173,0.8309471228603729,0.04990151693978456,0.8673732184181879,0.02882467963542851,0.8407358210274429,0.039580196474500215,0.7704724002110902,0.02646962139801475,0.9703478941803411,0.012367584534816112,0.9185823092606029,0.017668092493156252,0.881518110131197,0.914911444308325,0.9262868023567978,0.08246712354950869,0.0855509813293549
SVC-rbf,SVC-rbf_R1_C1_gscale_pca3,"{'model__C': 1, 'model__gamma': 'scale', 'pca__n_components': 3}",0.6594222642179639,0.019029547493533697,0.6773397608614905,0.04398754612804203,0.709875755562768,0.028306701058087164,0.6717803374890244,0.04261780971818168,0.5458803468005604,0.016172459375608014,0.9202444657279809,0.01439447205713492,0.7664560380976353,0.0438601751533197,0.7370588496623133,0.79306224161634,0.8184972243644968,0.13363997739837608,0.14671688687547235
SVC-rbf,SVC-rbf_R1_C1_gscale_pca5,"{'model__C': 1, 'model__gamma': 'scale', 'pca__n_components': 5}",0.8415372434292194,0.03954464812093185,0.8274021698335613,0.06277499309829064,0.8669185998590196,0.055737635765372745,0.8382618584921554,0.06616325213530674,0.7846693093561534,0.04974202910493804,0.9714363153315955,0.011584110714296492,0.9021798028327062,0.03510140976532433,0.8775921053343128,0.930927647057129,0.9339339479234112,0.08939040362790962,0.09567208943125582
SVC-rbf,SVC-rbf_R1_C1_gscale_pca8,"{'model__C': 1, 'model__gamma': 'scale', 'pca__n_components': 8}",0.88941708793316,0.033566323777615176,0.8777747986017046,0.061566171451451386,0.9034553679391661,0.031226999938991917,0.8855809163339202,0.04931964146464115,0.8462605030216054,0.04443099343168806,0.9822202971620166,0.008325178470224242,0.9407164181666621,0.025761024291237458,0.916475862003795,0.9659182680540079,0.9695061328270844,0.07650118012084794,0.0839252164931642
SVC-rbf,SVC-rbf_R1_C1_gscale_pca12,"{'model__C': 1, 'model__gamma': 'scale', 'pca__n_components': 12}",0.8988122088631503,0.032080863445123474,0.8837833370099745,0.061014586304947986,0.9030585775721771,0.03894846697519637,0.8895635418221499,0.05117364961088758,0.858024286426431,0.04387156088335844,0.985416781338917,0.005940966456375197,0.9514485401334,0.023978701683194235,0.9233414083895884,0.975935960014341,0.9790334513808968,0.07712375115119074,0.0894699095587469
SVC-rbf,SVC-rbf_R1_C1_g0.01_pca3,"{'model__C': 1, 'model__gamma': 0.01, 'pca__n_components': 3}",0.3868715765613652,0.061627449325963236,0.4117425025104975,0.05877553870790314,0.4870901601655583,0.044704288839692165,0.36492976205821376,0.03468828120042252,0.23848057113062585,0.07707406780987301,0.7978281049881326,0.017525340927977983,0.4510738416524087,0.044595531175663165,0.4784146297586451,0.5082818923028803,0.5023261414338729,0.12141031574151512,0.13739637937565913
SVC-rbf,SVC-rbf_R1_C1_g0.01_pca5,"{'model__C': 1, 'model__gamma': 0.01, 'pca__n_components': 5}",0.5717090345187967,0.03995597016255422,0.5985322281338354,0.023472512422381187,0.695476342448384,0.022166142942026144,0.5862549833815139,0.02742499549174139,0.46823704160896484,0.04983535966937821,0.885074149489037,0.023812962567707256,0.7058596172642246,0.05568531280439343,0.6754110404834069,0.6606877047442122,0.6849264324092411,0.0889786702254155,0.09867144902772718
SVC-rbf,SVC-rbf_R1_C1_g0.01_pca8,"{'model__C': 1, 'model__gamma': 0.01, 'pca__n_components': 8}",0.6492452105847002,0.03117652958655942,0.6444245897580286,0.030425627837760844,0.7357397667849391,0.01492897074549657,0.6511603675610735,0.025475817351159148,0.5536676520216823,0.03618893330219292,0.9103661411405936,0.020149449672505943,0.7715818701756169,0.029199183055811328,0.7331920212491773,0.7447242865881822,0.7622562507131416,0.09547907600348204,0.11109588315206809
SVC-rbf,SVC-rbf_R1_C1_g0.01_pca12,"{'model__C': 1, 'model__gamma': 0.01, 'pca__n_components': 12}",0.6851069390282734,0.02627483086185189,0.6707884844768934,0.03318887577870815,0.7607216319898169,0.018898497822320816,0.6833054089278318,0.025171807094668167,0.5924972972320017,0.030709593398607276,0.9262485727949444,0.017002724157082663,0.8074866951508394,0.0178241086190087,0.7623469175648907,0.7773607492494554,0.793906690027906,0.09225381022118206,0.11060128110007428
SVC-rbf,SVC-rbf_R1_C1_g0.1_pca3,"{'model__C': 1, 'model__gamma': 0.1, 'pca__n_components': 3}",0.659804125793143,0.018506173087034665,0.6780208218386845,0.04322583021859486,0.7101082641191278,0.028237776185663803,0.6722970554586907,0.04224977287578999,0.5464001526941908,0.015566892085600758,0.9203252289685313,0.014294713269568785,0.7666288104500936,0.04384004603784533,0.7373753140852933,0.7932547691063367,0.8186642903729726,0.13345064331319378,0.14636723491428194
SVC-rbf,SVC-rbf_R1_C1_g0.1_pca5,"{'model__C': 1, 'model__gamma': 0.1, 'pca__n_components': 5}",0.8486351331320419,0.03994039834965808,0.8336361176973105,0.06515640833236543,0.8695111705465587,0.05695449540472623,0.8433525899080593,0.06784760607409233,0.7934915426550458,0.0504036461606394,0.9736499975280909,0.01083187910275297,0.9088272073167403,0.03288736960128098,0.8829751895174408,0.937483543787145,0.9397422441935313,0.08884841065510318,0.09638965428547197
SVC-rbf,SVC-rbf_R1_C1_g0.1_pca8,"{'model__C': 1, 'model__gamma': 0.1, 'pca__n_components': 8}",0.8958464427000834,0.031728137072225236,0.8832268451023157,0.060018029460038036,0.9043822313863078,0.03285130168519981,0.8895459195686091,0.048284258398830125,0.8542194728760307,0.04308881457015101,0.9841161335216018,0.007557544556864158,0.9457422275353187,0.02517360297497151,0.920799294513981,0.9737500472346022,0.9766417137032632,0.07790360453451883,0.08709579413465418
SVC-rbf,SVC-rbf_R1_C1_g0.1_pca12,"{'model__C': 1, 'model__gamma': 0.1, 'pca__n_components': 12}",0.9060100907373082,0.02884509459260985,0.8909108159886008,0.05765754251743517,0.9063136090602452,0.039804667290945395,0.8956396453739955,0.04877931884891086,0.8673560957360564,0.040238357162073635,0.9874559151920692,0.005441877458404084,0.9575066550662195,0.02414754219263415,0.9289414494360811,0.9808611343582816,0.9839712739054592,0.07485104362097339,0.0883316285314637
SVC-rbf,SVC-rbf_R1_C10_gscale_pca3,"{'model__C': 10, 'model__gamma': 'scale', 'pca__n_components': 3}",0.7015784102630118,0.04479098815283386,0.7070284892211991,0.062094292809271444,0.7301934274774483,0.05037012460839965,0.7027941411001769,0.06176998863141925,0.5926741651099363,0.05206719382391555,0.9262893787130025,0.023031417011092497,0.7867346576824307,0.06790437396888978,0.7619552937791919,0.848787955038899,0.8658628984824086,0.1472095447758872,0.1630687573822317
SVC-rbf,SVC-rbf_R1_C10_gscale_pca5,"{'model__C': 10, 'model__gamma': 'scale', 'pca__n_components': 5}",0.8669792611193609,0.035194921858769664,0.849675508984383,0.06151034161268394,0.8736349156257133,0.05310869846411346,0.8563184438077964,0.05958525968095078,0.8151183438055035,0.04714094182856465,0.9789213601358572,0.010176540946636023,0.9271556561176141,0.028563706412012328,0.8970110906093874,0.9675534655847355,0.9685951694742944,0.10057420446537468,0.11227672566649793
SVC-rbf,SVC-rbf_R1_C10_gscale_pca8,"{'model__C': 10, 'model__gamma': 'scale', 'pca__n_components': 8}",0.9068127047912858,0.028038825302882875,0.8951368490473515,0.049398184785249294,0.9118446092551447,0.030631297955779492,0.9008109464687998,0.039859879408255576,0.8679618909975458,0.03926486882011593,0.9871181073520535,0.006832189544701701,0.9567042588298561,0.025068878351228334,0.9304987169324762,0.9913556904152223,0.9929807727216098,0.08454298562393647,0.09216982625281
SVC-rbf,SVC-rbf_R1_C10_gscale_pca12,"{'model__C': 10, 'model__gamma': 'scale', 'pca__n_components': 12}",0.9118646140576262,0.023507565593713683,0.8987401811421808,0.05216020177619342,0.9111113224180702,0.03796720458231402,0.9025336733437417,0.04455660899432893,0.8749697273806891,0.03307071825776217,0.9909434651251322,0.004592590375742304,0.9658149370575242,0.025769882718453988,0.9352778246972034,0.9973830533629904,0.9975785161755406,0.08551843930536418,0.09504484283179893
SVC-rbf,SVC-rbf_R1_C10_g0.01_pca3,"{'model__C': 10, 'model__gamma': 0.01, 'pca__n_components': 3}",0.5077375165864793,0.06913295726235517,0.5302291203506779,0.07083584594405437,0.6004553382810827,0.04738617476381379,0.5026155741417186,0.06903740096185507,0.3796041736988073,0.07179133620728488,0.8534836709059613,0.018088382314315202,0.6155741536417898,0.05160864258913162,0.6026639382109708,0.6284789235300672,0.6479470439028817,0.12074140694358793,0.14533146976116307
SVC-rbf,SVC-rbf_R1_C10_g0.01_pca5,"{'model__C': 10, 'model__gamma': 0.01, 'pca__n_components': 5}",0.7148155511525267,0.027709644201360784,0.7036032229141693,0.05198650956647984,0.7790904375732876,0.03751164445311242,0.7185958079770011,0.05512125329050482,0.6240825589754343,0.024711071344631512,0.9348217698257303,0.018072867762592714,0.8154273433117952,0.04508841395194199,0.7820214769255044,0.8199663340199889,0.8342785506877494,0.10515078286746216,0.1156827427107483
SVC-rbf,SVC-rbf_R1_C10_g0.01_pca8,"{'model__C': 10, 'model__gamma': 0.01, 'pca__n_components': 8}",0.7630707410472164,0.017733497517819545,0.751799775435499,0.04832771918448593,0.8112929582681708,0.020090835423331836,0.7670141975330101,0.040136428622087314,0.6830765755977948,0.020141535575479083,0.95006974219423,0.013409703730123967,0.8610665963971407,0.021355128692507882,0.8232063605763494,0.871799247109615,0.8894439980229855,0.10872850606239859,0.12242980048997532
SVC-rbf,SVC-rbf_R1_C10_g0.01_pca12,"{'model__C': 10, 'model__gamma': 0.01, 'pca__n_components': 12}",0.7843551461336464,0.016039850965840995,0.7774230828806239,0.05360571900914184,0.824137186360562,0.018993897808838284,0.7884190472313461,0.04141125183259856,0.7084327280270302,0.020098344073288848,0.9601029154293741,0.01160752806573602,0.8904463220875558,0.00985964806905887,0.8443605777774724,0.8916837323791821,0.9102158896463072,0.10732858624553565,0.12179684241496103
SVC-rbf,SVC-rbf_R1_C10_g0.1_pca3,"{'model__C': 10, 'model__gamma': 0.1, 'pca__n_components': 3}",0.7016743855451296,0.04456369595713698,0.7071590563589035,0.06212916964077268,0.7300612688912644,0.050158010397159336,0.7027695025361174,0.06171377703595671,0.5927877643168229,0.05174475305693612,0.9262231085713436,0.023079690037425164,0.7862622645569923,0.06842631754993075,0.761808549750507,0.8489805343026152,0.8659526419551387,0.1473061487574856,0.1631831394190213
SVC-rbf,SVC-rbf_R1_C10_g0.1_pca5,"{'model__C': 10, 'model__gamma': 0.1, 'pca__n_components': 5}",0.8681289786009974,0.03475407301756211,0.8517738423825421,0.0606310256218546,0.8736918477559914,0.05204847267969982,0.8577673358646238,0.05777872463953405,0.8161758680797139,0.04704159565440847,0.9791625056560699,0.009716304186204068,0.929030415246865,0.027699606701440806,0.8982952283837818,0.9715161145933958,0.9720663266227717,0.10338713599239846,0.11429899075814787
SVC-rbf,SVC-rbf_R1_C10_g0.1_pca8,"{'model__C': 10, 'model__gamma': 0.1, 'pca__n_components': 8}",0.9079716585879958,0.026323353478404077,0.8986533684740301,0.050389094476813945,0.9144940406327351,0.02816856043162651,0.9036306229242654,0.03925016615499965,0.8698202864422611,0.03649584431094674,0.9879388585177067,0.0060896815027842825,0.9584114708021574,0.025312465423725266,0.9323174123158511,0.9944536754588471,0.9952882147360601,0.08648201687085133,0.09165759181179467
SVC-rbf,SVC-rbf_R1_C10_g0.1_pca12,"{'model__C': 10, 'model__gamma': 0.1, 'pca__n_components': 12}",0.9118623054630488,0.02182128046149917,0.8999092250017492,0.05407166281314475,0.9092613702641528,0.03951126583356373,0.9022745024004463,0.04609328128625748,0.8749123558558949,0.03042969952043982,0.991398225643462,0.004143311765643229,0.9664057130917488,0.026898140709737547,0.9353787978067142,0.9983190631172427,0.9984173154468221,0.08645675765419392,0.09614281304637584
SVC-rbf,SVC-rbf_R1_C100_gscale_pca3,"{'model__C': 100, 'model__gamma': 'scale', 'pca__n_components': 3}",0.7160075157968858,0.06067634558041075,0.7177513839159666,0.07035379999056676,0.7335336354244321,0.05451801213681946,0.713636195908084,0.06481873302092164,0.6079544082453475,0.07704214146992079,0.9280125371083703,0.024877303838632927,0.7853567500789005,0.07834554151872139,0.7676567167032194,0.883180470865686,0.8924006791966249,0.16717295506880014,0.1787644832885409
SVC-rbf,SVC-rbf_R1_C100_gscale_pca5,"{'model__C': 100, 'model__gamma': 'scale', 'pca__n_components': 5}",0.8565173485223865,0.03527147951681467,0.8481980198006932,0.05449651505790273,0.864470832565728,0.05055785473306828,0.851102264395994,0.05132720413359171,0.7992655381969143,0.04912917428417388,0.9748195292676136,0.011444390420736849,0.919207002943504,0.03383440470887866,0.8899806788126517,0.9858311704373772,0.9848372352414133,0.12931382191499075,0.1337349708454193
SVC-rbf,SVC-rbf_R1_C100_gscale_pca8,"{'model__C': 100, 'model__gamma': 'scale', 'pca__n_components': 8}",0.8938698201788686,0.026616950755874655,0.8882304365344209,0.053857462836404156,0.9060409848690009,0.030134254433512513,0.8936303344258885,0.04102470466525371,0.8509595219836642,0.03610087130114878,0.9848407963482062,0.005073548189148482,0.9514562869826204,0.028014384182974337,0.9235221274667804,0.9985827622703305,0.9989489335212942,0.10471294209146187,0.10531859909540575
SVC-rbf,SVC-rbf_R1_C100_gscale_pca12,"{'model__C': 100, 'model__gamma': 'scale', 'pca__n_components': 12}",0.9154852040301957,0.016893763305557634,0.9051458894638882,0.052179583005272354,0.9131854387855368,0.03378938873019969,0.9067884865113875,0.04202352738658305,0.880046113403002,0.02263742720282072,0.9915744257635655,0.003225027991507835,0.9667382887786011,0.02758584405092278,0.9378499439971634,0.9998078595706736,0.9998532273554612,0.08432265554047791,0.09306474084407368
SVC-rbf,SVC-rbf_R1_C100_g0.01_pca3,"{'model__C': 100, 'model__gamma': 0.01, 'pca__n_components': 3}",0.587848520017596,0.023726167891933565,0.60035276122101,0.05429425386655477,0.6576045200232478,0.039280687398607045,0.5899200638139399,0.048836907412803145,0.46765078609106714,0.021889577568098825,0.8725809285651671,0.025863754157073298,0.6917770920007636,0.045880548899437754,0.6718408496200791,0.7152268490721916,0.7345734932885433,0.12737832905459556,0.14465342947460336
SVC-rbf,SVC-rbf_R1_C100_g0.01_pca5,"{'model__C': 100, 'model__gamma': 0.01, 'pca__n_components': 5}",0.8062496020271765,0.03419302995727216,0.7765684198329275,0.07088106045724975,0.8389026229549597,0.05868685299808137,0.7939432746935069,0.07333328053115393,0.73915457563159,0.041019596109330834,0.9569910354382261,0.013448332536003376,0.8643043478070146,0.0448116201029033,0.8426083034387721,0.898672582824093,0.9061959956140404,0.09242298079691647,0.11225272092053351
SVC-rbf,SVC-rbf_R1_C100_g0.01_pca8,"{'model__C': 100, 'model__gamma': 0.01, 'pca__n_components': 8}",0.8609243626198555,0.034072589091775865,0.8406459489372924,0.0642071010400297,0.8696113160952269,0.044853112937395134,0.8496989817908979,0.05711798796629052,0.8081623225657232,0.04613981721423811,0.9742029088172783,0.011319047604235011,0.9220614552138002,0.029909049033921227,0.8919471994291865,0.9485772723866575,0.9549237398073516,0.08765290976680196,0.1052247580164537
SVC-rbf,SVC-rbf_R1_C100_g0.01_pca12,"{'model__C': 100, 'model__gamma': 0.01, 'pca__n_components': 12}",0.8710667983233307,0.035301203933319744,0.8493759685259448,0.06379281823813206,0.8739630455450467,0.038273978525299394,0.8561738489536836,0.052301179538239165,0.8209277525123462,0.04855044648477897,0.9784225262591344,0.008735691786851412,0.9354051137857058,0.01989096559099129,0.9006809463318541,0.9649819061384474,0.9687633376227236,0.0939151078151167,0.11258948866903995
SVC-rbf,SVC-rbf_R1_C100_g0.1_pca3,"{'model__C': 100, 'model__gamma': 0.1, 'pca__n_components': 3}",0.7161030724141815,0.06056246691544537,0.7179765530672643,0.07027220199502723,0.7345007811076908,0.05455305721063902,0.714350669053436,0.06499236193770577,0.6080496199991087,0.07690863540458708,0.9280124223089496,0.024885443330172882,0.7853655147934818,0.07842171802784298,0.7679136646154907,0.8831564871856484,0.8924156194746808,0.16705341477146696,0.17806495042124482
SVC-rbf,SVC-rbf_R1_C100_g0.1_pca5,"{'model__C': 100, 'model__gamma': 0.1, 'pca__n_components': 5}",0.8545778321937767,0.032834743145416685,0.8463644128555377,0.053996384350603506,0.8606525074195591,0.04993846412607816,0.8481160385395059,0.05024219838174331,0.7961955274203973,0.045827774801109736,0.9736719561283076,0.010939301114967272,0.9152471173462715,0.0353034031143681,0.8871536398653254,0.9881846344881868,0.9872869112830784,0.13360680229441013,0.13917087274357254
SVC-rbf,SVC-rbf_R1_C100_g0.1_pca8,"{'model__C': 100, 'model__gamma': 0.1, 'pca__n_components': 8}",0.8919489690547365,0.027419664077462533,0.8887212525723814,0.051498947760528,0.907139212885907,0.0254785355606954,0.8941514149867746,0.03744887152361612,0.8480633757170455,0.03700026363222666,0.984449028184647,0.004736850439705246,0.9501470592241157,0.027432866055703244,0.9227767206898044,0.99903923085709,0.999284207540577,0.10709026180235348,0.10513279255380237
SVC-rbf,SVC-rbf_R1_C100_g0.1_pca12,"{'model__C': 100, 'model__gamma': 0.1, 'pca__n_components': 12}",0.9136709879229027,0.018144359419147348,0.9032178744641575,0.05593413734858397,0.9118999416021334,0.03650581781137437,0.9051060507208254,0.04560883937428397,0.8775321956299489,0.024551808442732238,0.9912205749096122,0.0032351856585027213,0.9657211377657061,0.02854574550000828,0.9365310954338354,0.9999519865562357,0.9999674045721711,0.08628099863333305,0.09486135385134575
SVC-poly,SVC-poly_R1_C1_d2_gscale_pca3,"{'model__C': 1, 'model__degree': 2, 'model__gamma': 'scale', 'pca__n_components': 3}",0.41248468009037265,0.06361122416166395,0.41697225356673434,0.0381026076885727,0.5033997303429097,0.04156083677456345,0.3920448774483016,0.041716111612718515,0.2641845951698003,0.07369955678763897,0.7959081668257635,0.03564251513443686,0.45326052513239834,0.05686263837218674,0.4924659000552,0.4819726630498546,0.457931555872919,0.06948798295948194,0.06588667842461743
SVC-poly,SVC-poly_R1_C1_d2_gscale_pca5,"{'model__C': 1, 'model__degree': 2, 'model__gamma': 'scale', 'pca__n_components': 5}",0.5835461182668842,0.07994681040134463,0.5851983720081707,0.07104477509847323,0.6959334893645814,0.05935794980694822,0.577719542675237,0.07583176803052494,0.4835869906017177,0.09322526140349953,0.8928101373365734,0.024744957756341435,0.7067151863208556,0.04543033613816477,0.6754094080989838,0.6907548326187176,0.7093990602358515,0.10720871435183343,0.13167951756061458
SVC-poly,SVC-poly_R1_C1_d2_gscale_pca8,"{'model__C': 1, 'model__degree': 2, 'model__gamma': 'scale', 'pca__n_components': 8}",0.7060257670230585,0.04345720697872306,0.6695755124804672,0.04732976590663643,0.796240357502785,0.03316088981122798,0.6956203725262136,0.04531917630369491,0.6178612020264976,0.05665787728687014,0.9318508186892611,0.01889052560466292,0.8230260872963833,0.034238939047509534,0.7758590202786152,0.8222726911439626,0.8384165715618984,0.1162469241209041,0.14279619903568486
SVC-poly,SVC-poly_R1_C1_d2_gscale_pca12,"{'model__C': 1, 'model__degree': 2, 'model__gamma': 'scale', 'pca__n_components': 12}",0.7385531810220787,0.03772130713907589,0.7030405294396659,0.045430166457561656,0.819222324695479,0.02986470394960981,0.7325549240859278,0.039444634779564926,0.6563807334728937,0.05247896054936908,0.9441297766922269,0.01661737064496785,0.8580357793702896,0.030472886982745504,0.806260356730888,0.8522235320329103,0.8643259632747341,0.11367035101083167,0.13177103918880628
SVC-poly,SVC-poly_R1_C1_d2_g0.1_pca3,"{'model__C': 1, 'model__degree': 2, 'model__gamma': 0.1, 'pca__n_components': 3}",0.412484081540409,0.06403358203153899,0.41685623217208123,0.038602023106768024,0.5031598765381843,0.0416780311712613,0.39194708869983363,0.04226596315918785,0.26412506888398235,0.07421197221396435,0.79601050185965,0.035638611624555463,0.45336488474286823,0.056870070278774845,0.49245816929489766,0.4820929131701047,0.4580840083486689,0.06960883162969572,0.06613691964883528
SVC-poly,SVC-poly_R1_C1_d2_g0.1_pca5,"{'model__C': 1, 'model__degree': 2, 'model__gamma': 0.1, 'pca__n_components': 5}",0.5846071901049742,0.0841687831136146,0.589270364358182,0.0729022293298709,0.6966964608540647,0.0621877175380082,0.5816622672966899,0.07816404923550425,0.48470877079346053,0.09838277577222562,0.8942380847097697,0.024915606307972425,0.7098933562686297,0.045989248483280835,0.67797000298735,0.6953911855627684,0.716727621429748,0.11078399545779416,0.1350653541330581
SVC-poly,SVC-poly_R1_C1_d2_g0.1_pca8,"{'model__C': 1, 'model__degree': 2, 'model__gamma': 0.1, 'pca__n_components': 8}",0.7188685256561739,0.03781866402760359,0.6807192979922769,0.042160571143355766,0.8044914989107571,0.03083192784614487,0.7079366846643815,0.038844036715116936,0.6327613123571612,0.05110149036382473,0.9354955162295318,0.018067235360916638,0.8316792462400135,0.03760157657256598,0.7853321956943252,0.8327466165997587,0.8482717542488214,0.11387809094358481,0.14033506958443986
SVC-poly,SVC-poly_R1_C1_d2_g0.1_pca12,"{'model__C': 1, 'model__degree': 2, 'model__gamma': 0.1, 'pca__n_components': 12}",0.7517937024032764,0.03450263612194313,0.7173674124628315,0.043848848225320355,0.8267556650553068,0.03099762435039544,0.7466567126186059,0.037386639335308,0.6718027219185412,0.049663558680719956,0.9476342562788391,0.015913760965129635,0.8676505254040737,0.028604824888179888,0.81673619966065,0.8642574071748763,0.8757743243694535,0.11246370477159995,0.12911761175084757
SVC-poly,SVC-poly_R1_C1_d3_gscale_pca3,"{'model__C': 1, 'model__degree': 3, 'model__gamma': 'scale', 'pca__n_components': 3}",0.4497833286707829,0.028646877222376906,0.48205664737283566,0.04540535457152162,0.5306781642537854,0.01859857093319334,0.4437984680358807,0.02933062741570473,0.2944532366581632,0.050600342737224156,0.7996835548519192,0.03244745691350029,0.49104109963797155,0.0507662476770948,0.5273553953343112,0.5331060226308061,0.5679146026842246,0.08332269396002318,0.12411613464834387
SVC-poly,SVC-poly_R1_C1_d3_gscale_pca5,"{'model__C': 1, 'model__degree': 3, 'model__gamma': 'scale', 'pca__n_components': 5}",0.648854537478947,0.03524218650485885,0.6788286411778667,0.041649201261596026,0.7210790429093812,0.04195414104958774,0.660430544387395,0.03146777420336569,0.5469547726646861,0.04874019217004079,0.9139726179225784,0.030890719955524053,0.7816662646687634,0.058803724918421146,0.7385247317961672,0.768337627675537,0.8075610749585594,0.11948309019659009,0.14713053057116443
SVC-poly,SVC-poly_R1_C1_d3_gscale_pca8,"{'model__C': 1, 'model__degree': 3, 'model__gamma': 'scale', 'pca__n_components': 8}",0.724880555449461,0.01882017986938271,0.7327875274348971,0.032219514736773154,0.781145026835139,0.03567569889596079,0.7338823622354667,0.018156905729687135,0.6402252956173611,0.029661208813582,0.9457922824877614,0.02216776686993197,0.8616165664791685,0.03220778555293963,0.8052038588411053,0.8494760874090372,0.8744520345121064,0.12459553195957629,0.14056967227663975
SVC-poly,SVC-poly_R1_C1_d3_gscale_pca12,"{'model__C': 1, 'model__degree': 3, 'model__gamma': 'scale', 'pca__n_components': 12}",0.7526332782285097,0.027403413636938805,0.7528943774999405,0.02579796424874332,0.8031176586633325,0.041693072837606926,0.7588755104139304,0.01433627416189281,0.670576081640678,0.04332890426437773,0.9561958792016032,0.02038222541068532,0.888477545391585,0.027094215594040537,0.827547032208618,0.8707107933501778,0.8948471437080198,0.11807751512166809,0.13597163329408934
SVC-poly,SVC-poly_R1_C1_d3_g0.1_pca3,"{'model__C': 1, 'model__degree': 3, 'model__gamma': 0.1, 'pca__n_components': 3}",0.4500687076373815,0.02875176955941725,0.4820295062236325,0.04506310067209311,0.5308296611851224,0.018715013896561137,0.4439590870124423,0.028648532460286712,0.2948190190270251,0.05075938970219341,0.7996453540546579,0.03244622798363012,0.49105402215016936,0.05053857846267374,0.5274742062253748,0.533442558704085,0.5682895599623368,0.08337385106670347,0.12433047294989447
SVC-poly,SVC-poly_R1_C1_d3_g0.1_pca5,"{'model__C': 1, 'model__degree': 3, 'model__gamma': 0.1, 'pca__n_components': 5}",0.6563556029756454,0.03382350618216223,0.6788622840527758,0.039643348794116705,0.7265189463712015,0.042525784031931524,0.6636813481465611,0.025580273992832463,0.5546655702807155,0.04930435486118503,0.9158179750814657,0.03108458415838174,0.7868515463430749,0.058661744253545894,0.7426218932099978,0.7789493076235757,0.8147772133674914,0.12259370464793029,0.15109586522093033
SVC-poly,SVC-poly_R1_C1_d3_g0.1_pca8,"{'model__C': 1, 'model__degree': 3, 'model__gamma': 0.1, 'pca__n_components': 8}",0.7480404170794726,0.027685668428226905,0.7455815979440492,0.029024164650144752,0.8006260200769042,0.035933201492359707,0.7564963945451939,0.019260736315567652,0.6657117185421803,0.04172501433370032,0.9458328918486872,0.023793352263090088,0.8611276917769188,0.037722036972766264,0.8168266485310677,0.8760388516812216,0.8995744151919058,0.1279984346017491,0.14307802064671193
SVC-poly,SVC-poly_R1_C1_d3_g0.1_pca12,"{'model__C': 1, 'model__degree': 3, 'model__gamma': 0.1, 'pca__n_components': 12}",0.7715842951355958,0.03426066754886752,0.7628302350510905,0.028852485123558074,0.8250872121764925,0.03321422595713326,0.7796103982442556,0.017991016756006808,0.6928998733891168,0.05121873275651227,0.9557199566605907,0.02445582426475343,0.8884684494460963,0.03327370122148731,0.8381762614616367,0.9070960535027621,0.9272428220305423,0.13551175836716634,0.14763242378628672
SVC-poly,SVC-poly_R1_C1_d4_gscale_pca3,"{'model__C': 1, 'model__degree': 4, 'model__gamma': 'scale', 'pca__n_components': 3}",0.483657647736618,0.10208366738448464,0.5329887777075348,0.07288795944560339,0.5670966093348864,0.06991096366457218,0.4865790650546832,0.08695331475250771,0.3665037297648693,0.11461035444942871,0.8262327752789208,0.03645213824086464,0.5912645400481131,0.07977367735141157,0.5870318233284103,0.5739122316082007,0.6003548887600004,0.0902545838715827,0.11377582370531725
SVC-poly,SVC-poly_R1_C1_d4_gscale_pca5,"{'model__C': 1, 'model__degree': 4, 'model__gamma': 'scale', 'pca__n_components': 5}",0.6571913069790611,0.07273926236480946,0.6896131041962708,0.061815311589503534,0.7130135607651757,0.06203369170518039,0.6620183660298604,0.05268782131090716,0.5623653057764633,0.08890014044729828,0.9246061135301303,0.030585148539035604,0.797224031722922,0.0675179131492222,0.7468083502136714,0.7727409898453812,0.8074118802464337,0.11554968286632006,0.14539351421657332
SVC-poly,SVC-poly_R1_C1_d4_gscale_pca8,"{'model__C': 1, 'model__degree': 4, 'model__gamma': 'scale', 'pca__n_components': 8}",0.6930974233596199,0.06826195551868265,0.733747287095191,0.056299548925657805,0.7319029256452613,0.06056462385068271,0.6960774262885127,0.059486974626023634,0.6049141717302546,0.08371329669277958,0.9384837328922832,0.025449771369494587,0.8342787611416153,0.06189478997474878,0.7776044244317517,0.814529468083372,0.8445721999212745,0.12143204472375213,0.14849477363276187
SVC-poly,SVC-poly_R1_C1_d4_gscale_pca12,"{'model__C': 1, 'model__degree': 4, 'model__gamma': 'scale', 'pca__n_components': 12}",0.7142954359608032,0.06527668070957351,0.764347254332303,0.06273995015839204,0.7539652039006881,0.05816074858853516,0.7225877232936437,0.0683690027209062,0.6323022710878449,0.08030164306879917,0.9457778215668619,0.02051761168832342,0.8538036752435951,0.054995193409951536,0.7975141780270537,0.8273811823920111,0.8574631503667225,0.11308574643120783,0.13487542707307876
SVC-poly,SVC-poly_R1_C1_d4_g0.1_pca3,"{'model__C': 1, 'model__degree': 4, 'model__gamma': 0.1, 'pca__n_components': 3}",0.4845234705923557,0.10252328074032978,0.5336787532714179,0.07445972312425185,0.5676590722372837,0.07033768089852162,0.487474860064493,0.08781661630042137,0.36749200665408704,0.11546934689264825,0.8263614822289055,0.03624890674953998,0.5913123719063101,0.07944679762858965,0.5875110784326155,0.5742009330532485,0.6007144739620038,0.08967746246089281,0.11323961389751086
SVC-poly,SVC-poly_R1_C1_d4_g0.1_pca5,"{'model__C': 1, 'model__degree': 4, 'model__gamma': 0.1, 'pca__n_components': 5}",0.6702502943656421,0.06957513078186614,0.6981450439050303,0.055655905398556346,0.7257684154466457,0.05826197935709835,0.6773524228964353,0.051870549004080405,0.5754436180676248,0.08553623193215966,0.9260955693444661,0.02940890099994124,0.8011298921368676,0.06310010937728482,0.7554013746890385,0.7876068023166634,0.8198525215428205,0.11735650795102126,0.14250009864638524
SVC-poly,SVC-poly_R1_C1_d4_g0.1_pca8,"{'model__C': 1, 'model__degree': 4, 'model__gamma': 0.1, 'pca__n_components': 8}",0.7191117069906251,0.059868911676075706,0.7471763382516453,0.047910704878179354,0.7544570064607024,0.053189460494553385,0.7215118368760094,0.05479091678799999,0.6329344026512513,0.0750448486461978,0.9391628185721677,0.026790544986249994,0.8387330337385812,0.06440562017999119,0.7922373573134055,0.8429717025116471,0.869460487130112,0.123859995521022,0.14794865025410264
SVC-poly,SVC-poly_R1_C1_d4_g0.1_pca12,"{'model__C': 1, 'model__degree': 4, 'model__gamma': 0.1, 'pca__n_components': 12}",0.741910541073074,0.055489015685801155,0.7694171029992318,0.05238624710412247,0.7782502838365624,0.04840880049014694,0.7449242919203412,0.05369054093838766,0.6622135706967526,0.07115861311384325,0.9476747400972461,0.02027122243608096,0.8599103356635357,0.05587726486400872,0.8119804709774177,0.855511463386059,0.8798063398115094,0.11360092231298502,0.1348820478911682
SVC-poly,SVC-poly_R1_C10_d2_gscale_pca3,"{'model__C': 10, 'model__degree': 2, 'model__gamma': 'scale', 'pca__n_components': 3}",0.4210375801676466,0.06297095222253467,0.41986180725232425,0.039918887426498975,0.49835864614740216,0.03798441598855713,0.39831688588641717,0.04444928363442798,0.27208899964960664,0.07406702647490443,0.7956495593479809,0.03096558125293379,0.45553633243405356,0.05225230030532925,0.49663257271509137,0.48545758634621344,0.46701173382050004,0.06442000617856686,0.06869484793408287
SVC-poly,SVC-poly_R1_C10_d2_gscale_pca5,"{'model__C': 10, 'model__degree': 2, 'model__gamma': 'scale', 'pca__n_components': 5}",0.622964339289714,0.056031019319347265,0.6197450873552146,0.059725019582528426,0.7247345674675734,0.03714189917246524,0.6216553859941938,0.06430353761382483,0.5285413137844495,0.06303187859470352,0.9054192135610858,0.020967922756710174,0.7415777518212399,0.04382740963946387,0.7091679315692194,0.7385804889606389,0.7669816555732882,0.11561614967092493,0.14532626957909445
SVC-poly,SVC-poly_R1_C10_d2_gscale_pca8,"{'model__C': 10, 'model__degree': 2, 'model__gamma': 'scale', 'pca__n_components': 8}",0.7558454717590362,0.03283722581265663,0.7205715219975087,0.02592120090083354,0.8217042792811553,0.022247699228984903,0.7495909556678307,0.02171913942931413,0.6733711205658198,0.043128413796206785,0.947012537051575,0.017698283730206415,0.8560320150443562,0.037280415707485096,0.8141028436650323,0.8730206778355261,0.8856652102705382,0.1171752060764899,0.1360742546027075
SVC-poly,SVC-poly_R1_C10_d2_gscale_pca12,"{'model__C': 10, 'model__degree': 2, 'model__gamma': 'scale', 'pca__n_components': 12}",0.8022293493508033,0.0299590357111964,0.7676854814026933,0.029600132561538324,0.854620768339639,0.022131493823817388,0.7958148365842213,0.02389633882766007,0.7309507168119735,0.040666855736627774,0.9606800472912447,0.015546328244543875,0.8951375867794171,0.03227853496256624,0.8521425939232085,0.919497036267223,0.9259883707534564,0.11726768691641976,0.13017353416923516
SVC-poly,SVC-poly_R1_C10_d2_g0.1_pca3,"{'model__C': 10, 'model__degree': 2, 'model__gamma': 0.1, 'pca__n_components': 3}",0.42075004065715316,0.06322546846279209,0.41979282465442547,0.039991223127935786,0.4982301372202883,0.038167750632845714,0.3981426618298463,0.04468954757540715,0.27185154087159513,0.07422002874930346,0.7956417561899434,0.030973155997673214,0.4555255689989366,0.052320523992552624,0.4965313337548602,0.48548169124328727,0.4671040561431906,0.06473165058613412,0.0689613943133443
SVC-poly,SVC-poly_R1_C10_d2_g0.1_pca5,"{'model__C': 10, 'model__degree': 2, 'model__gamma': 0.1, 'pca__n_components': 5}",0.6247867688224696,0.05299436459558071,0.6160037284949149,0.0548908009252705,0.724702041888543,0.03675976092637446,0.6195977127539167,0.060838803662183104,0.5306850406389393,0.05895155083460787,0.9063111557764293,0.020301850824164292,0.7436546940592819,0.04036436198197367,0.7095316423775561,0.7407661591910797,0.768810507117242,0.11597939036861005,0.14921279436332524
SVC-poly,SVC-poly_R1_C10_d2_g0.1_pca8,"{'model__C': 10, 'model__degree': 2, 'model__gamma': 0.1, 'pca__n_components': 8}",0.7577710684978001,0.034388518129844566,0.7217989490409187,0.026634593400137005,0.8226056908400248,0.02198311831406226,0.7511902918418123,0.02255708136531827,0.6756935199279153,0.04474587077049132,0.947810839288149,0.018096867644715516,0.8573546745332653,0.03655994319088808,0.8154639087796784,0.8781369637518759,0.8905569175948911,0.12036589525407582,0.1393666257530788
SVC-poly,SVC-poly_R1_C10_d2_g0.1_pca12,"{'model__C': 10, 'model__degree': 2, 'model__gamma': 0.1, 'pca__n_components': 12}",0.8016560208187749,0.032834098889786625,0.7691685893509839,0.03056604449670524,0.8532276918446942,0.023915642360117288,0.7963909013983489,0.024122918744356507,0.7294334344493303,0.04465978442966507,0.9607200911845025,0.015773251538585907,0.8957114493520221,0.03269656026513997,0.8522730226583454,0.9255253243409666,0.9312197562897288,0.12386930352219172,0.13482885489137986
SVC-poly,SVC-poly_R1_C10_d3_gscale_pca3,"{'model__C': 10, 'model__degree': 3, 'model__gamma': 'scale', 'pca__n_components': 3}",0.4653998821611457,0.030967667766057142,0.49798184396169276,0.04202294540201729,0.5420747436150792,0.01866541784873639,0.46669533184562023,0.037487386430691466,0.3111174604778955,0.046329668502972335,0.8065160437557368,0.030272526952881327,0.5037416340792847,0.05298568608647273,0.541998565387951,0.5502574650782831,0.5905304786451006,0.08485758291713741,0.12383514679948032
SVC-poly,SVC-poly_R1_C10_d3_gscale_pca5,"{'model__C': 10, 'model__degree': 3, 'model__gamma': 'scale', 'pca__n_components': 5}",0.6535972869878558,0.030488076821855743,0.6389358239038895,0.037231730462014785,0.7124186870728942,0.04361671356985471,0.6401322210593923,0.02562415549672986,0.5475695232487403,0.04760636010129714,0.9112637906223569,0.03684129072764149,0.7806670663682812,0.0661058164960064,0.7315280163506812,0.813145464987751,0.8326026509222715,0.15954817799989518,0.1924704298628792
SVC-poly,SVC-poly_R1_C10_d3_gscale_pca8,"{'model__C': 10, 'model__degree': 3, 'model__gamma': 'scale', 'pca__n_components': 8}",0.7872013378839468,0.01272908362167489,0.7663964445180541,0.03663263884479608,0.8350586128600593,0.01221680108145283,0.785877125588485,0.0281624279036664,0.7154128626502537,0.013100240888499008,0.9473548698591978,0.01798273297637764,0.8599994256754024,0.03897035124564584,0.8345276608630048,0.9424549806141312,0.956487725611083,0.1552536427301845,0.17061060002259798
SVC-poly,SVC-poly_R1_C10_d3_gscale_pca12,"{'model__C': 10, 'model__degree': 3, 'model__gamma': 'scale', 'pca__n_components': 12}",0.8155570904688163,0.021845012945226693,0.7949025710375963,0.04022534278800643,0.8583339224903381,0.01830698654152553,0.8145945349769779,0.02621503673757506,0.7503878394420684,0.02832971078967983,0.9556090929220028,0.025778914436302664,0.8859282037923929,0.04157603536035732,0.8585722194968017,0.9656335967592857,0.9742498340246813,0.15007650629046942,0.15965529904770348
SVC-poly,SVC-poly_R1_C10_d3_g0.1_pca3,"{'model__C': 10, 'model__degree': 3, 'model__gamma': 0.1, 'pca__n_components': 3}",0.4652053961962097,0.03116662865212855,0.49720237980604975,0.0417392716604017,0.5417199762213251,0.018557127761655086,0.46617359726357055,0.03663046295280826,0.310858110535851,0.04707851784569745,0.8066276898308903,0.030077448830912998,0.5037559572757624,0.05293784745464812,0.5417862032690862,0.550305510303293,0.5904576957601061,0.08510011410708329,0.12428409849653554
SVC-poly,SVC-poly_R1_C10_d3_g0.1_pca5,"{'model__C': 10, 'model__degree': 3, 'model__gamma': 0.1, 'pca__n_components': 5}",0.6569625705295888,0.02695417488786226,0.6399442614795267,0.03413468937780122,0.713130287933948,0.04159809243044942,0.6410340535398535,0.023516644491714825,0.551589255195914,0.04551703490352675,0.9121448153648988,0.034660016183791435,0.7822548032102334,0.06204416520571015,0.7330278281160147,0.8221547043011214,0.8401598206858967,0.16519213377153252,0.19912576714604313
SVC-poly,SVC-poly_R1_C10_d3_g0.1_pca8,"{'model__C': 10, 'model__degree': 3, 'model__gamma': 0.1, 'pca__n_components': 8}",0.8000770494307717,0.010409188043154083,0.7771731931802874,0.03415976180257567,0.8445549796937148,0.012578687408097854,0.7981742969067216,0.025457722536314866,0.7315526334139895,0.010756107929215554,0.9491749376390791,0.016945083545665894,0.8623403981335283,0.03875348413338476,0.8420970039157482,0.951077698516921,0.9631835724564948,0.1510006490861493,0.16500927554977318
SVC-poly,SVC-poly_R1_C10_d3_g0.1_pca12,"{'model__C': 10, 'model__degree': 3, 'model__gamma': 0.1, 'pca__n_components': 12}",0.8278388133865908,0.021856608025525647,0.8020270659870332,0.03808176945588607,0.8663807667819354,0.018118651280744483,0.8229010038350733,0.024477312342604855,0.7658315718309603,0.02863664360176599,0.9591288287023139,0.023455783236280992,0.8919583408181418,0.0401317447250353,0.8659250435228985,0.9739205030203519,0.980587001978367,0.1460816896337611,0.15768599814329376
SVC-poly,SVC-poly_R1_C10_d4_gscale_pca3,"{'model__C': 10, 'model__degree': 4, 'model__gamma': 'scale', 'pca__n_components': 3}",0.5273904264304176,0.08283797046019274,0.5516559302721457,0.07211948420563978,0.6007341186270382,0.06276090958997768,0.5272076346847918,0.07971841174552048,0.4040473416149462,0.09304143462306153,0.8379604606136372,0.041271550359291746,0.631326099271592,0.07331320758547773,0.6201858015879522,0.6101672953860721,0.6317739660021674,0.0827768689556545,0.10456633131737558
SVC-poly,SVC-poly_R1_C10_d4_gscale_pca5,"{'model__C': 10, 'model__degree': 4, 'model__gamma': 'scale', 'pca__n_components': 5}",0.6951139931502637,0.06407752509527787,0.7057278224493184,0.059346109902108805,0.7408061838993393,0.051916062980866144,0.6921665746539608,0.05759060653265931,0.6004019191480922,0.08033026581698152,0.9299864679042462,0.026485828869901827,0.8118461529257217,0.05592371862485117,0.7680712290512428,0.8401141261997289,0.8561186199316542,0.14500013304946524,0.16395204527769336
SVC-poly,SVC-poly_R1_C10_d4_gscale_pca8,"{'model__C': 10, 'model__degree': 4, 'model__gamma': 'scale', 'pca__n_components': 8}",0.7598431795184986,0.0508270775569811,0.7609369641881767,0.042141951780492,0.7874934005860277,0.040473929868634025,0.7536108197069569,0.044233687448382644,0.6789282032454165,0.06554765633546077,0.9463323040777947,0.021277199572458053,0.8542066975215328,0.06164642340160285,0.8157605396170661,0.8927904004158128,0.9107639687888384,0.13294722089731426,0.1571531490818815
SVC-poly,SVC-poly_R1_C10_d4_gscale_pca12,"{'model__C': 10, 'model__degree': 4, 'model__gamma': 'scale', 'pca__n_components': 12}",0.7832289571749074,0.04241350564691981,0.7841791096274203,0.04600166779074541,0.8126756605666557,0.02849261324475011,0.7806247884325271,0.039082628262643235,0.7086611485536519,0.05567796877280349,0.9548375294109139,0.017669113262230446,0.8728165877636556,0.058302433318683025,0.8359239834910029,0.9067233755696973,0.9227167769597276,0.12349441839478992,0.1420919885272005
SVC-poly,SVC-poly_R1_C10_d4_g0.1_pca3,"{'model__C': 10, 'model__degree': 4, 'model__gamma': 0.1, 'pca__n_components': 3}",0.5275779057888237,0.08170183947148153,0.5511102368439831,0.07126782830930596,0.6007287433453291,0.06205963841605854,0.526990629138157,0.0787002725770293,0.40402525002801887,0.09188682862600997,0.8379050373749128,0.04123063391033057,0.6315551309275789,0.07294836982274663,0.6201861283599152,0.609999161444013,0.6314265108833931,0.08242125565518932,0.1044358817452361
SVC-poly,SVC-poly_R1_C10_d4_g0.1_pca5,"{'model__C': 10, 'model__degree': 4, 'model__gamma': 0.1, 'pca__n_components': 5}",0.7002551175036695,0.06938251800143119,0.7025705954401757,0.060566273123355156,0.7417918741632153,0.053916788178120865,0.6926859474670988,0.06195450983066301,0.6057023668405219,0.08669190798824054,0.9317804441597323,0.026691942999597106,0.815525449626584,0.0548796297559676,0.770354193504648,0.8486598830076483,0.8610566177302623,0.14840476550397874,0.16837067026316355
SVC-poly,SVC-poly_R1_C10_d4_g0.1_pca8,"{'model__C': 10, 'model__degree': 4, 'model__gamma': 0.1, 'pca__n_components': 8}",0.7722386439075959,0.03805221332674112,0.7611812411025966,0.03920769720388246,0.800624432387042,0.030287427253819173,0.7640508218903455,0.03694326844839515,0.6921721335666507,0.048671927479682464,0.9487873620909456,0.01904415284313101,0.8563816666840042,0.05942860183791935,0.8221728517858917,0.9158956107323973,0.9306750070157994,0.14365696682480145,0.16662418512545396
SVC-poly,SVC-poly_R1_C10_d4_g0.1_pca12,"{'model__C': 10, 'model__degree': 4, 'model__gamma': 0.1, 'pca__n_components': 12}",0.8005119997753056,0.04548677355232747,0.7805573499239881,0.039241412787051885,0.8291562695702138,0.030002870042647168,0.7925898207722214,0.03364195195977218,0.7274970913660284,0.05818244587615559,0.9568051115008973,0.01628824473979969,0.8734023560538986,0.05769046512818303,0.8432469075030448,0.9419832007384796,0.952335786061812,0.141471200963174,0.15974596528959062
SVC-sigmoid,SVC-sigmoid_R1_C0.1_gscale_pca3,"{'model__C': 0.1, 'model__gamma': 'scale', 'pca__n_components': 3}",0.1485526343970589,0.06058883644511278,0.18218825736283725,0.062344455267516315,0.20937372965018652,0.06828934121237515,0.13761353445861932,0.05269574499744782,-0.0032729662090511683,0.06338534753869403,0.6890941211875429,0.0468065943109258,0.34987894761762195,0.07331111181555879,0.32861866632390524,0.16100569346344545,0.15209677027460383,0.012453059066386551,0.014483235815984513
SVC-sigmoid,SVC-sigmoid_R1_C0.1_gscale_pca5,"{'model__C': 0.1, 'model__gamma': 'scale', 'pca__n_components': 5}",0.16733571765802785,0.04803515109379528,0.20694161241081394,0.04503339920287694,0.22016710983767523,0.08215974165583897,0.15831922520771444,0.04508362187015791,0.01814699156722144,0.05949850540187035,0.6421656014166087,0.06320089056649905,0.26632987208603887,0.04871790201388047,0.31124086435912135,0.1613642637652501,0.15533823071387773,-0.005971453892777756,-0.0029809944938367083
SVC-sigmoid,SVC-sigmoid_R1_C0.1_gscale_pca8,"{'model__C': 0.1, 'model__gamma': 'scale', 'pca__n_components': 8}",0.19865768607032488,0.0530500513063932,0.26112682362848477,0.059810725623903514,0.26322791972021253,0.08373248068433814,0.1943153108954829,0.05189237852211457,0.06792138160700906,0.06823194917719139,0.6227613660194867,0.043902251011216795,0.2400538017556876,0.02187336731822681,0.3227766011515583,0.18838343550366723,0.18706249821665435,-0.01027425056665765,-0.007252812678828546
SVC-sigmoid,SVC-sigmoid_R1_C0.1_gscale_pca12,"{'model__C': 0.1, 'model__gamma': 'scale', 'pca__n_components': 12}",0.21534425534081986,0.04666867291253938,0.2670613650567052,0.06135697836723156,0.2744317818586012,0.060248975622685136,0.21052245316073664,0.04281912196499884,0.07554994103887028,0.05394242915718283,0.633693340640024,0.040054833219906744,0.25044042236170255,0.021441633361858083,0.33291261534729144,0.21857286064135212,0.2150443889136505,0.0032286053005322612,0.004521935752913847
SVC-sigmoid,SVC-sigmoid_R1_C0.1_g0.01_pca3,"{'model__C': 0.1, 'model__gamma': 0.01, 'pca__n_components': 3}",0.29664899467813455,0.029010805192883033,0.2789425708987505,0.052548898823014896,0.34422622929273294,0.07479049650047428,0.2247934364396449,0.0480394537783551,0.13284968451766085,0.048083842193886554,0.7047971348576147,0.03675010932969464,0.33222358674305896,0.038889720700307294,0.3744806218138447,0.3211240495344841,0.25245814138861744,0.024475054856349543,0.02766470494897255
SVC-sigmoid,SVC-sigmoid_R1_C0.1_g0.01_pca5,"{'model__C': 0.1, 'model__gamma': 0.01, 'pca__n_components': 5}",0.3404200283052134,0.016002304009547292,0.33017811247311807,0.018856758354568497,0.43455545743180446,0.06324361029454749,0.29026760609034946,0.022414958309963377,0.18242188215775784,0.028710435667569575,0.74793614966534,0.02900152385355791,0.38505160765020013,0.053484586379663523,0.42217671827314285,0.3787442704456158,0.3301829909282194,0.03832424214040242,0.03991538483786994
SVC-sigmoid,SVC-sigmoid_R1_C0.1_g0.01_pca8,"{'model__C': 0.1, 'model__gamma': 0.01, 'pca__n_components': 8}",0.3778326166435873,0.029540329061442248,0.3673367951196317,0.05211759047405929,0.49357881320250263,0.03738945981308569,0.3330320972552322,0.05120515608079217,0.22735948196366945,0.037554542798127435,0.7723130332961322,0.027490224086084557,0.4115356622389032,0.03787854027883438,0.4527491668253234,0.42580113513680384,0.37744262071795104,0.04796851849321654,0.04441052346271884
SVC-sigmoid,SVC-sigmoid_R1_C0.1_g0.01_pca12,"{'model__C': 0.1, 'model__gamma': 0.01, 'pca__n_components': 12}",0.40152142722385287,0.03945491761615538,0.3884520013954783,0.05396558740175339,0.5101417728266179,0.04388855239645551,0.3510951617082773,0.05811912074811768,0.25632514321886307,0.04908114388515184,0.7860071621230574,0.02949845653253627,0.42833241052191207,0.041032050004616016,0.469196714613207,0.4465634257554787,0.3940503652525359,0.045041998531625826,0.04295520354425858
SVC-sigmoid,SVC-sigmoid_R1_C0.1_g0.1_pca3,"{'model__C': 0.1, 'model__gamma': 0.1, 'pca__n_components': 3}",0.14749754649582605,0.06078707578540603,0.1837239005849314,0.06287402643041994,0.20781182595023345,0.06862626499683722,0.13631348150708983,0.05279897250317338,-0.004266421061965898,0.0635997173866996,0.6865078062324173,0.048366506818404806,0.3450756656766676,0.07807912734777274,0.3264186455509248,0.16131871623770744,0.15233733659870136,0.013821169741881384,0.016023855091611527
SVC-sigmoid,SVC-sigmoid_R1_C0.1_g0.1_pca5,"{'model__C': 0.1, 'model__gamma': 0.1, 'pca__n_components': 5}",0.1496348296448485,0.04593820386777339,0.1921810150695769,0.04923832857378662,0.19915659440755787,0.07696109904365726,0.14394640077694926,0.04162115014121788,-0.008817408161319856,0.04971189921959817,0.6774826962971217,0.051081203625502565,0.30927561116379765,0.046431817228899136,0.316271102620029,0.1547548333861925,0.15064807021323467,0.005120003741343998,0.006701669436285418
SVC-sigmoid,SVC-sigmoid_R1_C0.1_g0.1_pca8,"{'model__C': 0.1, 'model__gamma': 0.1, 'pca__n_components': 8}",0.1769280371317744,0.04794416771759077,0.23777557283955075,0.05462930022298008,0.2383079758026451,0.07684453422757441,0.17195806782293324,0.039984984449878004,0.040699087823728455,0.06351752971859045,0.6260261790842233,0.04781254118418243,0.2441181272836685,0.032794590089165854,0.31214191300615535,0.1693862945014928,0.16798813749696714,-0.007541742630281595,-0.003969930325966098
SVC-sigmoid,SVC-sigmoid_R1_C0.1_g0.1_pca12,"{'model__C': 0.1, 'model__gamma': 0.1, 'pca__n_components': 12}",0.18757386360892989,0.04373119827675258,0.2411435181549864,0.0571570093110171,0.24348233468669114,0.05522039925033782,0.18325754680642126,0.03301107336701088,0.04293729633328331,0.04792343963626505,0.6395487760956946,0.035384545248365665,0.2550056818169379,0.0249535272264542,0.3199106255966669,0.1920065666554358,0.19023697608694626,0.00443270304650592,0.006979429280525001
SVC-sigmoid,SVC-sigmoid_R1_C1_gscale_pca3,"{'model__C': 1, 'model__gamma': 'scale', 'pca__n_components': 3}",0.15129509122113988,0.061962817033215156,0.19592740981645454,0.07469057676661374,0.19242989282427453,0.07239591756037134,0.13790226549939372,0.05041163536462721,0.0004248132106931979,0.0769469657255228,0.6791319681307388,0.04034135683874834,0.3470741384615903,0.059147679514196576,0.3283962701887769,0.144100565410831,0.13803434670671838,-0.007194525810308883,0.00013208120732466355
SVC-sigmoid,SVC-sigmoid_R1_C1_gscale_pca5,"{'model__C': 1, 'model__gamma': 'scale', 'pca__n_components': 5}",0.12494765860635466,0.058787414375718,0.1606936797900805,0.0645558977236262,0.1703069444388649,0.0837882090170669,0.11557586002312244,0.050730592705592215,-0.02030461768054336,0.06852647215397939,0.638498015262511,0.07550234868851088,0.2968119082148811,0.08082213690439961,0.30074515313257727,0.13116874768402123,0.12720349308833756,0.006221089077666567,0.011627633065215123
SVC-sigmoid,SVC-sigmoid_R1_C1_gscale_pca8,"{'model__C': 1, 'model__gamma': 'scale', 'pca__n_components': 8}",0.16061764194859438,0.06312167054729681,0.2219941611014251,0.0654025831150666,0.2062226701869129,0.08085493053437773,0.15108827042870593,0.05344681759046353,0.029656516550978923,0.07309986400527847,0.6549665153929916,0.03582389333009295,0.26539117296662984,0.031223328809575582,0.31043590055694176,0.16708177857353082,0.16601103516339463,0.006464136624936445,0.014922764734688704
SVC-sigmoid,SVC-sigmoid_R1_C1_gscale_pca12,"{'model__C': 1, 'model__gamma': 'scale', 'pca__n_components': 12}",0.1897555452683013,0.04722678277755024,0.24712999125535323,0.0416155017452498,0.22590317809003846,0.06774350230134968,0.1818094860725557,0.04029669469349976,0.04454664797922815,0.043740642396019706,0.628352648014418,0.027948761795400137,0.24275859908337014,0.01913947604534459,0.31561380304851333,0.19036036299779488,0.18790694387013573,0.0006048177294935841,0.00609745779758003
SVC-sigmoid,SVC-sigmoid_R1_C1_g0.01_pca3,"{'model__C': 1, 'model__gamma': 0.01, 'pca__n_components': 3}",0.2615885430819703,0.057235390902288186,0.3144712068577783,0.053734783140244,0.2972308533634801,0.0757339113297352,0.2061281824212466,0.043271161904559596,0.10127153891332101,0.06930472733579296,0.6950890209411258,0.03951950807590814,0.30895839783428725,0.02855140760100896,0.3552407832373981,0.3314047469310027,0.26882405855350155,0.06981620384903237,0.06269587613225497
SVC-sigmoid,SVC-sigmoid_R1_C1_g0.01_pca5,"{'model__C': 1, 'model__gamma': 0.01, 'pca__n_components': 5}",0.36912630934435897,0.031053764373008514,0.3863874942257345,0.030587425894910203,0.48125163129843357,0.046815558179035266,0.3324381100096441,0.029080579821860957,0.22616695145385216,0.047008317915908926,0.7515218358337941,0.02719069196732396,0.3796271740493297,0.04464771897341262,0.4417162532619667,0.4537931323498706,0.4174853437235079,0.08466682300551165,0.08504723371386375
SVC-sigmoid,SVC-sigmoid_R1_C1_g0.01_pca8,"{'model__C': 1, 'model__gamma': 0.01, 'pca__n_components': 8}",0.424731688631396,0.05238236118525937,0.41868743296312816,0.03548566486218679,0.5275485140762541,0.04942168955987025,0.38317380250715666,0.04629090701460797,0.2841919300908165,0.06496196698109806,0.8001688404826431,0.026847749394500478,0.45129234121508083,0.040505565503441615,0.4921873695892152,0.5233718188680058,0.48556261861909694,0.09864013023660978,0.10238881611194028
SVC-sigmoid,SVC-sigmoid_R1_C1_g0.01_pca12,"{'model__C': 1, 'model__gamma': 0.01, 'pca__n_components': 12}",0.4755178449252213,0.06868157796965811,0.4553143595296364,0.04226828098638797,0.5720319234875879,0.061299095677376826,0.4241416377403685,0.0582261643657965,0.3466997051940233,0.08388363389901961,0.8312970124849762,0.03018764466165913,0.4945738466395536,0.05903167285346055,0.5306884456589779,0.559686572682701,0.5170160211862859,0.08416872775747963,0.09287438344591736
SVC-sigmoid,SVC-sigmoid_R1_C1_g0.1_pca3,"{'model__C': 1, 'model__gamma': 0.1, 'pca__n_components': 3}",0.1508152737050898,0.06187201470804511,0.1953997409100688,0.07429993086832211,0.1913624034344153,0.07323978774766096,0.13751467809948362,0.05029247732170968,-0.0001787484061480632,0.0768703943469215,0.6808334891875312,0.041570437933059104,0.3495373693268534,0.05905402848851383,0.3289875577410877,0.14383625756976945,0.13779876117280304,-0.006979016135320343,0.0002840830733194244
SVC-sigmoid,SVC-sigmoid_R1_C1_g0.1_pca5,"{'model__C': 1, 'model__gamma': 0.1, 'pca__n_components': 5}",0.1365311942024744,0.04786380136795577,0.18812083055908282,0.04781206910909511,0.16924363406024273,0.07866589345274472,0.12667131752373978,0.043449769655930254,-0.012555103935830387,0.05049893033873721,0.6727269711337603,0.05150239121538496,0.3229735894555695,0.04717476325150316,0.31445578500379806,0.1363927566338691,0.13491336492455805,-0.000138437568605293,0.00824204740081827
SVC-sigmoid,SVC-sigmoid_R1_C1_g0.1_pca8,"{'model__C': 1, 'model__gamma': 0.1, 'pca__n_components': 8}",0.1649011091509551,0.04536610881882141,0.22236743537695727,0.05018314669710028,0.1944188264223007,0.06525009740299376,0.15435381501784098,0.03422676390091534,0.018316257583242165,0.06171495550923647,0.6541440239027612,0.03276783600394168,0.27287963599141213,0.028510573335132496,0.3121305266002914,0.16107645333709583,0.16180209994999734,-0.003824655813859268,0.007448284932156352
SVC-sigmoid,SVC-sigmoid_R1_C1_g0.1_pca12,"{'model__C': 1, 'model__gamma': 0.1, 'pca__n_components': 12}",0.17872060818263405,0.044837456635129475,0.23317316587675854,0.04828134431922641,0.21118364406984363,0.07891199320295529,0.16978099962895463,0.034915714511109794,0.03563609160979124,0.06211495082267525,0.6226485481858084,0.044679506476584384,0.24613238038316876,0.0311918314847712,0.311243808605673,0.17136054004844584,0.1703898588149945,-0.0073600681341882135,0.0006088591860398673
SVC-sigmoid,SVC-sigmoid_R1_C10_gscale_pca3,"{'model__C': 10, 'model__gamma': 'scale', 'pca__n_components': 3}",0.15177876013720493,0.06168531234581005,0.19389958658415204,0.07214860913067445,0.19024105481058867,0.07347682097146625,0.13837462193491226,0.04963937624563348,-0.00030158630130029397,0.07723208593171767,0.650299925794568,0.0017095790394957276,0.3294540260213343,0.05962153222168671,0.3225592849351988,0.14376384705946665,0.13714014144824072,-0.008014913077738273,-0.0012344804866715464
SVC-sigmoid,SVC-sigmoid_R1_C10_gscale_pca5,"{'model__C': 10, 'model__gamma': 'scale', 'pca__n_components': 5}",0.12754288465572144,0.05620331871112704,0.16292332636366186,0.0654894831942799,0.17390004111978885,0.0761240136450208,0.11818354779041776,0.04824767532683417,-0.015945633945523112,0.0642180536215392,0.6774650524950404,0.05792964106207763,0.3293443138679867,0.06853269818076853,0.3131850148952143,0.12591501548514333,0.12307461255761483,-0.0016278691705781112,0.00489106476719707
SVC-sigmoid,SVC-sigmoid_R1_C10_gscale_pca8,"{'model__C': 10, 'model__gamma': 'scale', 'pca__n_components': 8}",0.16005614218637085,0.06713691815202989,0.21947332866623537,0.06601336863359493,0.19478873305852656,0.08708254507889171,0.14919254088779144,0.055478251821491104,0.01943991794740783,0.07857599658943239,0.6514237410412219,0.028741422179898307,0.2647657868412082,0.020546383533037386,0.3078927622342345,0.18045372062488474,0.1750473447708593,0.02039757843851389,0.02585480388306785
SVC-sigmoid,SVC-sigmoid_R1_C10_gscale_pca12,"{'model__C': 10, 'model__gamma': 'scale', 'pca__n_components': 12}",0.1759437949063051,0.048702660452462375,0.2309915050659898,0.046435399171861756,0.20614671456130726,0.06814399381265113,0.16540929099233664,0.039565730938143834,0.028346529210791803,0.046039174595049574,0.6243556641397761,0.03280259577832358,0.24128077948883936,0.01945882334144973,0.3069544450288573,0.195603914539931,0.19453451676945802,0.019660119633625905,0.029125225777121372
SVC-sigmoid,SVC-sigmoid_R1_C10_g0.01_pca3,"{'model__C': 10, 'model__gamma': 0.01, 'pca__n_components': 3}",0.1988111237656412,0.04183285606750572,0.23962535334218277,0.051365722097455435,0.2273610115764948,0.04917998216365648,0.16894196361320385,0.0349250525007282,0.021126639576291132,0.0417559550145231,0.6667398146688188,0.04331654132689196,0.29311641067359656,0.03886982979299699,0.32420723135831536,0.25831189439310664,0.23128154355092012,0.05950077062746545,0.06233957993771627
SVC-sigmoid,SVC-sigmoid_R1_C10_g0.01_pca5,"{'model__C': 10, 'model__gamma': 0.01, 'pca__n_components': 5}",0.3329339312248498,0.026027695379711932,0.3446013139929958,0.029801967416685074,0.4571452831755612,0.07620774506407155,0.30912751052228293,0.028931229734856,0.18739147621616128,0.05026353154635146,0.7208097433893214,0.02081177831749887,0.3181168482405098,0.03570257338119739,0.40698003229029106,0.3944436605342875,0.37449864470964644,0.061509729309437655,0.06537113418736351
SVC-sigmoid,SVC-sigmoid_R1_C10_g0.01_pca8,"{'model__C': 10, 'model__gamma': 0.01, 'pca__n_components': 8}",0.42212162617192517,0.04726472436902453,0.42180384155437717,0.04300415998123115,0.522422551530314,0.05767163193892154,0.3885424432964584,0.04169347227574055,0.28096487777193546,0.06646809346369206,0.7590319484193848,0.024175101059693373,0.37729057925656206,0.039653753765628706,0.4687718204796627,0.500484167855704,0.4653301423270352,0.07836254168377887,0.0767876990305768
SVC-sigmoid,SVC-sigmoid_R1_C10_g0.01_pca12,"{'model__C': 10, 'model__gamma': 0.01, 'pca__n_components': 12}",0.48563880876770094,0.055098852569203625,0.4619638389321727,0.036114791126142035,0.5624784284680946,0.04079667781691009,0.43300640231559473,0.0402820822995525,0.35414893817960913,0.06567567448408965,0.8074543925240736,0.030334755611907023,0.4482174264507859,0.06238609568694293,0.5194327659520618,0.554333293861244,0.5100002369030336,0.06869448509354303,0.07699383458743891
SVC-sigmoid,SVC-sigmoid_R1_C10_g0.1_pca3,"{'model__C': 10, 'model__gamma': 0.1, 'pca__n_components': 3}",0.15158939134354665,0.06185617376628452,0.19310230182542737,0.07313512055659109,0.18990629692854544,0.07387193129869474,0.1380931722565004,0.049992289250320086,-0.0009783583602136936,0.07790943876054424,0.6657852221656688,0.03107495414950637,0.3399124081026188,0.055012050849928225,0.3258388003930041,0.1450120926866512,0.13803501275426103,-0.006577298656895464,-5.815950223936328e-05
SVC-sigmoid,SVC-sigmoid_R1_C10_g0.1_pca5,"{'model__C': 10, 'model__gamma': 0.1, 'pca__n_components': 5}",0.1380746483184731,0.04305711161474007,0.18491648232575617,0.05056838470403177,0.1668499255813066,0.07478002469123823,0.12735273611142775,0.03828744111958697,-0.016881897437857434,0.057546863879014074,0.6733565495960686,0.049688803227523726,0.3225473462243694,0.046846266327663075,0.31381971120562285,0.13099370522969167,0.1290599158285326,-0.007080943088781433,0.0017071797171048508
SVC-sigmoid,SVC-sigmoid_R1_C10_g0.1_pca8,"{'model__C': 10, 'model__gamma': 0.1, 'pca__n_components': 8}",0.1625019167122323,0.04638066744912993,0.21869823270542574,0.050428041118732427,0.19051319836176916,0.06759180961100499,0.15133066614931706,0.03548453149621734,0.014603928225314639,0.062457057105302055,0.6567006266346394,0.034272555014371514,0.2775411532901221,0.0285340895525179,0.3120579278506988,0.15879495288581041,0.1591411080894934,-0.003706963826421883,0.007810441940176327
SVC-sigmoid,SVC-sigmoid_R1_C10_g0.1_pca12,"{'model__C': 10, 'model__gamma': 0.1, 'pca__n_components': 12}",0.16610484918024646,0.049216286529739965,0.21699704082511112,0.048207510092657724,0.1928948810267562,0.06644820781874153,0.15456714116460238,0.03995390433207255,0.014727582884041027,0.04558110402173012,0.6372284312202809,0.03573355805015002,0.26159956123446976,0.03378833368280605,0.30784349794703086,0.1719800998523554,0.1684932180298379,0.00587525067210895,0.013926076865235532
XGB-gbtree,XGB-gbtree_R1_lr0.05_md3_n200_lam1_pca3,"{'model__learning_rate': 0.05, 'model__max_depth': 3, 'model__n_estimators': 200, 'model__reg_lambda': 1, 'pca__n_components': 3}",0.7167893396696776,0.048338465400166106,0.743558143324826,0.07053886440728062,0.683738730281274,0.053464091244189584,0.6951715533698499,0.06551864640438611,0.5922060574942534,0.06901068380717508,0.9241683288535372,0.02599400787150996,0.7663960417142952,0.09661684864878835,0.752556874610424,0.8825340015994187,0.8907743270765003,0.16574466192974113,0.19560277370665036
XGB-gbtree,XGB-gbtree_R1_lr0.05_md3_n200_lam1_pca5,"{'model__learning_rate': 0.05, 'model__max_depth': 3, 'model__n_estimators': 200, 'model__reg_lambda': 1, 'pca__n_components': 5}",0.7990160315748701,0.061769262291095146,0.8209553690109844,0.061193280468441455,0.7871341249490491,0.06724758875769653,0.7950961525850924,0.06280507267802793,0.7138821085801621,0.08684099970761174,0.9501817584621159,0.02335779743660007,0.8722676431996366,0.05945702251867791,0.8414349500249366,0.9517063775988955,0.9575559024598016,0.15269034602402543,0.16245974987470924
XGB-gbtree,XGB-gbtree_R1_lr0.05_md3_n200_lam1_pca8,"{'model__learning_rate': 0.05, 'model__max_depth': 3, 'model__n_estimators': 200, 'model__reg_lambda': 1, 'pca__n_components': 8}",0.8142283560914916,0.053962843987696504,0.8472760777587041,0.04692028614436728,0.7947364427179068,0.05830638185274412,0.8120832779775068,0.05395767833275799,0.7329633428567552,0.07864656514970285,0.9572742100008764,0.020933182265899197,0.8839902528197341,0.049108125900974124,0.8541850674085394,0.9638835304173327,0.9697138022532836,0.14965517432584108,0.15763052427577684
XGB-gbtree,XGB-gbtree_R1_lr0.05_md3_n200_lam1_pca12,"{'model__learning_rate': 0.05, 'model__max_depth': 3, 'model__n_estimators': 200, 'model__reg_lambda': 1, 'pca__n_components': 12}",0.8340112254331181,0.04584251022819233,0.86432149557598,0.04622760394511436,0.8144422075316433,0.051731750249065976,0.8305495850877115,0.04904967486869714,0.7618499282982863,0.06631232860315703,0.9639526519955799,0.016344214818227093,0.8934188497300382,0.04658503516471738,0.868297799655631,0.9706792236062656,0.9753621160718782,0.13666799817314745,0.1448125309841667
XGB-gbtree,XGB-gbtree_R1_lr0.05_md3_n200_lam10_pca3,"{'model__learning_rate': 0.05, 'model__max_depth': 3, 'model__n_estimators': 200, 'model__reg_lambda': 10, 'pca__n_components': 3}",0.7157230363674721,0.04794624347884044,0.7424950998874098,0.07185203074617878,0.6789899241047426,0.05152035592093242,0.6915119366554451,0.06540485769140926,0.5896351970153744,0.06889235155655003,0.9246141195788027,0.025164167140334627,0.7640839945790663,0.0890616830525494,0.7501378432473995,0.8777260386589687,0.8852642616348207,0.16200300229149656,0.19375232497937567
XGB-gbtree,XGB-gbtree_R1_lr0.05_md3_n200_lam10_pca5,"{'model__learning_rate': 0.05, 'model__max_depth': 3, 'model__n_estimators': 200, 'model__reg_lambda': 10, 'pca__n_components': 5}",0.8016145510795905,0.059269363788519595,0.8244933063201803,0.059459423783147704,0.794335674060631,0.06907549391843416,0.8010139288805005,0.06313653618446541,0.7170740277383439,0.08336373863092363,0.9501087047792977,0.023233478734252203,0.8713187400760279,0.05933920003905639,0.8436232276085668,0.9492324784199712,0.9547854414404975,0.1476179273403807,0.153771512559997
XGB-gbtree,XGB-gbtree_R1_lr0.05_md3_n200_lam10_pca8,"{'model__learning_rate': 0.05, 'model__max_depth': 3, 'model__n_estimators': 200, 'model__reg_lambda': 10, 'pca__n_components': 8}",0.8127904469407273,0.051171516314189515,0.8448013482856471,0.04477831859627717,0.7833124151787262,0.06103105904857421,0.8041209466350121,0.053557140816499475,0.730580102683313,0.07502334838893265,0.9574443089177519,0.02046473255124343,0.8818124566107283,0.051465901105269565,0.8504078181957989,0.9618423685004537,0.9675450765130158,0.14905192155972635,0.1634241298780037
XGB-gbtree,XGB-gbtree_R1_lr0.05_md3_n200_lam10_pca12,"{'model__learning_rate': 0.05, 'model__max_depth': 3, 'model__n_estimators': 200, 'model__reg_lambda': 10, 'pca__n_components': 12}",0.8311549887195744,0.04526176578423881,0.8549195422650276,0.04698292736335908,0.8096474005794356,0.04877090158894056,0.8221806953399862,0.043217249229798936,0.7575573908738675,0.0653064758653114,0.9638966032300468,0.01652090917835876,0.89187179851676,0.0485185625547511,0.8642770630978932,0.9683489034663866,0.9730443336594817,0.1371939147468122,0.15086363831949556
XGB-gbtree,XGB-gbtree_R1_lr0.05_md3_n400_lam1_pca3,"{'model__learning_rate': 0.05, 'model__max_depth': 3, 'model__n_estimators': 400, 'model__reg_lambda': 1, 'pca__n_components': 3}",0.7249849370523359,0.04947493781448074,0.7553230725437787,0.06389866960826028,0.7033073203329403,0.04948253732071836,0.7100042658237449,0.06376672218519144,0.6063949203151568,0.0691798770564234,0.9288524789295973,0.023949047840536607,0.7827598490758183,0.0801987763828215,0.7653205250190472,0.9147189594598608,0.9205594009722811,0.1897340224075249,0.2105551351485362
XGB-gbtree,XGB-gbtree_R1_lr0.05_md3_n400_lam1_pca5,"{'model__learning_rate': 0.05, 'model__max_depth': 3, 'model__n_estimators': 400, 'model__reg_lambda': 1, 'pca__n_components': 5}",0.8276038579112054,0.04064251297820596,0.848852915437174,0.04073362630387586,0.8187622088679838,0.05446070594635399,0.8243209003408951,0.04560894191564127,0.7543463973279123,0.058171123514150436,0.9603686587341302,0.017851158178780968,0.8939385597764359,0.04553391008772717,0.8651442195937623,0.9837905614683955,0.9851521520395657,0.1561867035571901,0.16083125169867063
XGB-gbtree,XGB-gbtree_R1_lr0.05_md3_n400_lam1_pca8,"{'model__learning_rate': 0.05, 'model__max_depth': 3, 'model__n_estimators': 400, 'model__reg_lambda': 1, 'pca__n_components': 8}",0.8445194257896886,0.04313357952071248,0.8672894546952218,0.03326144287136534,0.8267797530119632,0.04910133314625874,0.8395462083367269,0.04453124994251641,0.7773515778707514,0.06123368105894745,0.9677461070823984,0.016672563260412544,0.9076705706855769,0.04271537264353971,0.8786308559858932,0.9902743959825335,0.9923185706418669,0.1457549701928449,0.15277236230514002
XGB-gbtree,XGB-gbtree_R1_lr0.05_md3_n400_lam1_pca12,"{'model__learning_rate': 0.05, 'model__max_depth': 3, 'model__n_estimators': 400, 'model__reg_lambda': 1, 'pca__n_components': 12}",0.8614379693477734,0.04309778126169225,0.8827951067744129,0.03777937489007385,0.8405219242840107,0.04797180765029016,0.8531904073774219,0.0453990348319138,0.8019633172697702,0.061132174966875785,0.9740982488147949,0.013777667916392025,0.9186439461597239,0.043035354353910635,0.8909386707240103,0.9922433275668674,0.9940517214598044,0.130805358219094,0.14086131408238245
XGB-gbtree,XGB-gbtree_R1_lr0.05_md3_n400_lam10_pca3,"{'model__learning_rate': 0.05, 'model__max_depth': 3, 'model__n_estimators': 400, 'model__reg_lambda': 10, 'pca__n_components': 3}",0.7265044837000056,0.04598248699487102,0.7581209886201747,0.06481040066013623,0.7030440446531065,0.0468144752766534,0.7122083346772462,0.06029419583824625,0.6085139618872747,0.06359889914336134,0.9297306487615854,0.022217213904999842,0.7845105711899816,0.07999315296249478,0.7669919622702883,0.9082574164746798,0.9142647854138406,0.1817529327746742,0.2020564507365944
XGB-gbtree,XGB-gbtree_R1_lr0.05_md3_n400_lam10_pca5,"{'model__learning_rate': 0.05, 'model__max_depth': 3, 'model__n_estimators': 400, 'model__reg_lambda': 10, 'pca__n_components': 5}",0.8252933441832899,0.041646109202665385,0.8437333777498892,0.04467546524240592,0.8185959216828171,0.05254892184299297,0.8236469586375348,0.044751079232993374,0.7508294081090555,0.059746010475399784,0.9591711581901323,0.01878803417010595,0.8899698798490234,0.04913200538481895,0.863010514180362,0.9799004204203797,0.9815286754954291,0.1546070762370898,0.15788171685789432
XGB-gbtree,XGB-gbtree_R1_lr0.05_md3_n400_lam10_pca8,"{'model__learning_rate': 0.05, 'model__max_depth': 3, 'model__n_estimators': 400, 'model__reg_lambda': 10, 'pca__n_components': 8}",0.8450308565645696,0.04821432856500172,0.8632592225195121,0.041810742540248615,0.8262481455503519,0.050200222913923134,0.8356409362197905,0.045490164948370264,0.7786954140782315,0.06829510588444956,0.9679416060904911,0.01653854207652211,0.906578823272919,0.043674980653138205,0.8771891555106084,0.9883284587644623,0.9906906167274195,0.14329760219989274,0.15504968050762902
XGB-gbtree,XGB-gbtree_R1_lr0.05_md3_n400_lam10_pca12,"{'model__learning_rate': 0.05, 'model__max_depth': 3, 'model__n_estimators': 400, 'model__reg_lambda': 10, 'pca__n_components': 12}",0.8598138696156903,0.04428161224719462,0.8776275036311721,0.04247189905732434,0.840268041360323,0.046270606550320455,0.8494141659935304,0.04317612458770866,0.7997463752778979,0.06284435677360571,0.9735898373477996,0.013951060407898454,0.9162911689397968,0.04330909684633411,0.8885261741907587,0.9902259868960961,0.9923555532799249,0.1304121172804058,0.1429413872863945
XGB-gbtree,XGB-gbtree_R1_lr0.05_md6_n200_lam1_pca3,"{'model__learning_rate': 0.05, 'model__max_depth': 6, 'model__n_estimators': 200, 'model__reg_lambda': 1, 'pca__n_components': 3}",0.7301860253842731,0.04685290119592282,0.7610454069896903,0.06760232573791493,0.7054805607419372,0.04580604042348475,0.7138832064574718,0.05481125742520592,0.614789691360693,0.06382987664713757,0.9302341133691352,0.022026672756764957,0.7873172264688811,0.08114222718739723,0.7695317595355665,0.9533617340890392,0.954735245773102,0.2231757087047661,0.24085203931563015
XGB-gbtree,XGB-gbtree_R1_lr0.05_md6_n200_lam1_pca5,"{'model__learning_rate': 0.05, 'model__max_depth': 6, 'model__n_estimators': 200, 'model__reg_lambda': 1, 'pca__n_components': 5}",0.8540847916407595,0.04036154407110705,0.8759440899110051,0.03487569694178768,0.8357909069604951,0.052611111310828323,0.8455366256590662,0.048533129015907,0.7918370894730393,0.056505745859582325,0.9718882350609597,0.015762630115564762,0.9136742104734502,0.04509330857312465,0.8850431269563453,0.9986554258471024,0.9986281452770948,0.14457063420634297,0.15309151961802858
XGB-gbtree,XGB-gbtree_R1_lr0.05_md6_n200_lam1_pca8,"{'model__learning_rate': 0.05, 'model__max_depth': 6, 'model__n_estimators': 200, 'model__reg_lambda': 1, 'pca__n_components': 8}",0.8790950385702623,0.04271660696727615,0.9014708370217741,0.03532474040812456,0.8504009734948971,0.04622233679458369,0.866643168936266,0.04500778983888981,0.8270107767532876,0.06038934728896644,0.9772941024537755,0.01413524085477333,0.929845162128711,0.04044638326882189,0.9033312398138736,0.9998319268117907,0.9998859426832476,0.1207368882415284,0.13324277374698157
XGB-gbtree,XGB-gbtree_R1_lr0.05_md6_n200_lam1_pca12,"{'model__learning_rate': 0.05, 'model__max_depth': 6, 'model__n_estimators': 200, 'model__reg_lambda': 1, 'pca__n_components': 12}",0.8809715018770848,0.035371691537221354,0.9025924251903531,0.03413991428112861,0.8517474308419875,0.04213195119893623,0.8679308118733969,0.041663960182665785,0.8296521390749654,0.05025798659713744,0.9790023091997619,0.010455165487163744,0.9333524303155011,0.03398233676519227,0.9053697705754602,0.9999279480531079,0.9999510640560981,0.11895644617602308,0.1320202521827012
XGB-gbtree,XGB-gbtree_R1_lr0.05_md6_n200_lam10_pca3,"{'model__learning_rate': 0.05, 'model__max_depth': 6, 'model__n_estimators': 200, 'model__reg_lambda': 10, 'pca__n_components': 3}",0.7213385690242222,0.04362554331843801,0.7525816599941724,0.0625760447959429,0.691821885410953,0.04393317677444242,0.7007522927498651,0.05450937439790727,0.6010150787757624,0.059618136670869445,0.930539546620763,0.01963400373973907,0.7938847798154722,0.07410359137256438,0.7650482039844061,0.9445710390554206,0.9457580080933676,0.2232324700311984,0.24500571534350257
XGB-gbtree,XGB-gbtree_R1_lr0.05_md6_n200_lam10_pca5,"{'model__learning_rate': 0.05, 'model__max_depth': 6, 'model__n_estimators': 200, 'model__reg_lambda': 10, 'pca__n_components': 5}",0.8520094627518107,0.0447943646695968,0.8741562019061376,0.03334371117820212,0.8320040325186655,0.05605383431680448,0.8431017362714327,0.04882356729728408,0.7887773690697735,0.0629676098501252,0.9720841868761747,0.014903542399433454,0.9141650935394431,0.045283240287724444,0.8838851714485875,0.9963987276233649,0.9961177522542707,0.14438926487155423,0.15301601598283798
XGB-gbtree,XGB-gbtree_R1_lr0.05_md6_n200_lam10_pca8,"{'model__learning_rate': 0.05, 'model__max_depth': 6, 'model__n_estimators': 200, 'model__reg_lambda': 10, 'pca__n_components': 8}",0.8763164395151589,0.04047298412299013,0.8992822745006863,0.03225126532166326,0.8452015959807238,0.04415064259993355,0.8618395256198264,0.042106484121471055,0.8228212006759105,0.05720674856855978,0.9761987473011102,0.013317110218458245,0.9258673519116984,0.041915866545906164,0.8997058259564934,0.9993034205245344,0.9994315962209426,0.12298698100937544,0.13759207060111622
XGB-gbtree,XGB-gbtree_R1_lr0.05_md6_n200_lam10_pca12,"{'model__learning_rate': 0.05, 'model__max_depth': 6, 'model__n_estimators': 200, 'model__reg_lambda': 10, 'pca__n_components': 12}",0.8809877015260191,0.035837030344977525,0.9040595505578579,0.035168038872040785,0.8530475346203877,0.04216641881953905,0.8683339955782529,0.04160034429786784,0.8296774375670692,0.05053490873525429,0.9772559302448822,0.010428395794143702,0.9266491339836763,0.03936541734400568,0.9032739494484879,0.9995678150198651,0.999695836479955,0.118580113493846,0.1313618409017021
XGB-gbtree,XGB-gbtree_R1_lr0.05_md6_n400_lam1_pca3,"{'model__learning_rate': 0.05, 'model__max_depth': 6, 'model__n_estimators': 400, 'model__reg_lambda': 1, 'pca__n_components': 3}",0.7293632876572467,0.051561639345223315,0.7563078887438967,0.07587454814380723,0.705560107592547,0.045378134470361535,0.711720139477941,0.056827297962669054,0.6145065605309267,0.06971570443025267,0.9297202700275913,0.021432739972040166,0.7917304972856123,0.07434055347435041,0.7702346390096722,0.9779289777872894,0.9793461425020007,0.2485656901300427,0.2676260030240597
XGB-gbtree,XGB-gbtree_R1_lr0.05_md6_n400_lam1_pca5,"{'model__learning_rate': 0.05, 'model__max_depth': 6, 'model__n_estimators': 400, 'model__reg_lambda': 1, 'pca__n_components': 5}",0.8594858755983417,0.042336885238294264,0.8724617263127816,0.035240762302967986,0.8445200362274893,0.04824737468595235,0.8500915833418059,0.0465738585410139,0.8000706096282654,0.05861672638095739,0.9738046681158782,0.013855552642589036,0.9157033146363937,0.04416603201305567,0.8886100675974441,1.0,1.0,0.14051412440165834,0.1499084166581941
XGB-gbtree,XGB-gbtree_R1_lr0.05_md6_n400_lam1_pca8,"{'model__learning_rate': 0.05, 'model__max_depth': 6, 'model__n_estimators': 400, 'model__reg_lambda': 1, 'pca__n_components': 8}",0.8868860948402251,0.04199962138475195,0.9063787876456704,0.03330365350339654,0.8599965821116978,0.04520794154600884,0.8740719215150996,0.04303023240950258,0.838458378611293,0.05917333768474069,0.9799180383141752,0.01081617632824402,0.9391399626522421,0.03199472478890798,0.9108136911576628,1.0,1.0,0.11311390515977493,0.1259280784849004
XGB-gbtree,XGB-gbtree_R1_lr0.05_md6_n400_lam1_pca12,"{'model__learning_rate': 0.05, 'model__max_depth': 6, 'model__n_estimators': 400, 'model__reg_lambda': 1, 'pca__n_components': 12}",0.8880012324955141,0.03244521629049465,0.9077908070130981,0.03168059845143466,0.8609008139553197,0.03867746820445032,0.8755968846398815,0.03887462170642611,0.8399687727400437,0.045444879273666416,0.9825177672436235,0.008351429346381075,0.9436116882438521,0.028159142050285434,0.9130643197512519,1.0,1.0,0.1119987675044859,0.1244031153601185
XGB-gbtree,XGB-gbtree_R1_lr0.05_md6_n400_lam10_pca3,"{'model__learning_rate': 0.05, 'model__max_depth': 6, 'model__n_estimators': 400, 'model__reg_lambda': 10, 'pca__n_components': 3}",0.7260760399438926,0.05028812318999006,0.7582386335501567,0.06912811077417313,0.6942233919339597,0.049243637298310716,0.7031561595940443,0.06008086828717655,0.6087073765986047,0.06870489280315892,0.930334182449978,0.02019608817020004,0.7890331022361738,0.07639707588148707,0.7655143167098402,0.9639759909953558,0.9652483715972595,0.23789995105146322,0.2620922120032152
XGB-gbtree,XGB-gbtree_R1_lr0.05_md6_n400_lam10_pca5,"{'model__learning_rate': 0.05, 'model__max_depth': 6, 'model__n_estimators': 400, 'model__reg_lambda': 10, 'pca__n_components': 5}",0.8586366447754236,0.0459543351180735,0.8784770841975776,0.0350618590169081,0.8389230344487721,0.05751188432064635,0.848937079266045,0.049932595030737194,0.7984245464919436,0.06450116808552914,0.9737289605946096,0.01417874222465788,0.9187494400823762,0.04182341215097439,0.888966264198131,0.9997599814450094,0.999735609545354,0.14112333666958587,0.150798530279309
XGB-gbtree,XGB-gbtree_R1_lr0.05_md6_n400_lam10_pca8,"{'model__learning_rate': 0.05, 'model__max_depth': 6, 'model__n_estimators': 400, 'model__reg_lambda': 10, 'pca__n_components': 8}",0.8849502405909337,0.038389777167681084,0.9052134641702458,0.03219169200446848,0.8556867056586054,0.04709148668712497,0.8703532576391323,0.0442760004188513,0.8354018662118138,0.05396654209121164,0.9790763842817383,0.01113746400924707,0.9349153649032313,0.03494192271498557,0.9076565185494235,1.0,1.0,0.11504975940906625,0.1296467423608677
XGB-gbtree,XGB-gbtree_R1_lr0.05_md6_n400_lam10_pca12,"{'model__learning_rate': 0.05, 'model__max_depth': 6, 'model__n_estimators': 400, 'model__reg_lambda': 10, 'pca__n_components': 12}",0.8913766518131514,0.0351860137672525,0.9109988236671931,0.03381444790493218,0.8635140240474124,0.0428682182801482,0.8777499864968485,0.04160086434934906,0.8447197245146837,0.0493148293423278,0.981987295418743,0.007847721446758191,0.9423926137027422,0.028509134474992787,0.9141674874856442,1.0,1.0,0.1086233481868486,0.12225001350315146
XGB-gbtree,XGB-gbtree_R1_lr0.1_md3_n200_lam1_pca3,"{'model__learning_rate': 0.1, 'model__max_depth': 3, 'model__n_estimators': 200, 'model__reg_lambda': 1, 'pca__n_components': 3}",0.7218997208684172,0.04657018948837195,0.7512310621504643,0.05863666821202753,0.6984019031731901,0.04677607016782444,0.7054512063445525,0.058598852943707626,0.6024078897073808,0.06424053115900162,0.9286584709948779,0.022186612631255244,0.7824244905090204,0.07804464361639718,0.7630265472357545,0.9155839648788678,0.9211689444173805,0.1936842440104506,0.215717738072828
XGB-gbtree,XGB-gbtree_R1_lr0.1_md3_n200_lam1_pca5,"{'model__learning_rate': 0.1, 'model__max_depth': 3, 'model__n_estimators': 200, 'model__reg_lambda': 1, 'pca__n_components': 5}",0.8281883228550452,0.04131451780283613,0.8495038995115376,0.037838467467746835,0.8203393150506184,0.05145698025164518,0.8263962443863466,0.04183056569572279,0.7550100959920284,0.05950915431836908,0.9604286750951354,0.018111116462382858,0.893946366993098,0.0454130814075474,0.8659492197918196,0.983646734158107,0.9849838783687256,0.15545841130306182,0.15858763398237896
XGB-gbtree,XGB-gbtree_R1_lr0.1_md3_n200_lam1_pca8,"{'model__learning_rate': 0.1, 'model__max_depth': 3, 'model__n_estimators': 200, 'model__reg_lambda': 1, 'pca__n_components': 8}",0.848961229419524,0.04780986307348346,0.8707833903272115,0.03615282069931254,0.8284225463976052,0.0529553858440918,0.8416407287653511,0.04814866956441251,0.7836871249759809,0.06830692639495212,0.9693616889896235,0.01678080167547151,0.91013390179447,0.04415439783299398,0.8812060643492705,0.9908263347560139,0.9927754676826396,0.14186510533648988,0.15113473891728846
XGB-gbtree,XGB-gbtree_R1_lr0.1_md3_n200_lam1_pca12,"{'model__learning_rate': 0.1, 'model__max_depth': 3, 'model__n_estimators': 200, 'model__reg_lambda': 1, 'pca__n_components': 12}",0.8626764077672788,0.042142857559678705,0.8838803613634149,0.03876202718181419,0.8412811954898214,0.04873984142116026,0.8543420154945391,0.04637264523263713,0.803771268580103,0.05987791885407277,0.9741917612671547,0.013228122399572252,0.9189383385123584,0.04217980300589647,0.891721996098983,0.9924592669360534,0.9941319146390626,0.12978285916877452,0.13978989914452344
XGB-gbtree,XGB-gbtree_R1_lr0.1_md3_n200_lam10_pca3,"{'model__learning_rate': 0.1, 'model__max_depth': 3, 'model__n_estimators': 200, 'model__reg_lambda': 10, 'pca__n_components': 3}",0.728739228274366,0.0480470367676189,0.759703844811552,0.0661855376303501,0.7113196696081087,0.04743931379732933,0.7184599426959976,0.06219131719470342,0.6118585434986201,0.06689683748246579,0.9296517378595499,0.022748484731499166,0.7865184891996241,0.07896453755053556,0.7703025678816439,0.9091222166068288,0.9149377969589942,0.1803829883324628,0.1964778542629967
XGB-gbtree,XGB-gbtree_R1_lr0.1_md3_n200_lam10_pca5,"{'model__learning_rate': 0.1, 'model__max_depth': 3, 'model__n_estimators': 200, 'model__reg_lambda': 10, 'pca__n_components': 5}",0.8277013319072937,0.043880413151951736,0.844901498547447,0.04607049157323266,0.8226901251914496,0.05487338611243976,0.826339475060886,0.04717255479275231,0.7544023530940194,0.06289654162662185,0.9602397220748438,0.017993068816963737,0.8923831215773113,0.045622754190951256,0.865307924395069,0.9803565376413147,0.9817880752687665,0.15265520573402103,0.15544860020788054
XGB-gbtree,XGB-gbtree_R1_lr0.1_md3_n200_lam10_pca8,"{'model__learning_rate': 0.1, 'model__max_depth': 3, 'model__n_estimators': 200, 'model__reg_lambda': 10, 'pca__n_components': 8}",0.84473666910752,0.04551906344647021,0.8646519183102932,0.03818015596819568,0.8266797065374163,0.04870503926281616,0.83619231026567,0.04302488863250859,0.7780421268820681,0.06447630412572801,0.9682273783779781,0.015504683383288562,0.9080644880029805,0.040511426002078514,0.8777592872365615,0.9880169390342735,0.990517425593284,0.14328026992675347,0.15432511532761406
XGB-gbtree,XGB-gbtree_R1_lr0.1_md3_n200_lam10_pca12,"{'model__learning_rate': 0.1, 'model__max_depth': 3, 'model__n_estimators': 200, 'model__reg_lambda': 10, 'pca__n_components': 12}",0.8606892179167269,0.04664198483291695,0.8763396642253058,0.04437755184851914,0.8408730801018379,0.04773648340844115,0.8498718498987008,0.045282850699169416,0.8010223535585641,0.06621628477898263,0.9738349128331041,0.013641185026046068,0.9198858636876217,0.04068734749204473,0.8900896301218681,0.9905862931047758,0.9927494674808701,0.12989707518804883,0.14287761758216933
XGB-gbtree,XGB-gbtree_R1_lr0.1_md3_n400_lam1_pca3,"{'model__learning_rate': 0.1, 'model__max_depth': 3, 'model__n_estimators': 400, 'model__reg_lambda': 1, 'pca__n_components': 3}",0.7255867076019954,0.046806948247315565,0.7557370783597579,0.06076449886789857,0.7031885130070862,0.041552438113945316,0.7094885275775231,0.054256515202938185,0.6081439472302833,0.06425720571297945,0.9280620442295,0.02312468113797759,0.7830117195408512,0.07638053174026055,0.7655240735778387,0.9441143776125818,0.9468462694377093,0.21852767001058637,0.2373577418601862
XGB-gbtree,XGB-gbtree_R1_lr0.1_md3_n400_lam1_pca5,"{'model__learning_rate': 0.1, 'model__max_depth': 3, 'model__n_estimators': 400, 'model__reg_lambda': 1, 'pca__n_components': 5}",0.8369062605915986,0.03582211472083484,0.8499552060969385,0.03944203909871678,0.826983694668796,0.04640980315482118,0.8307546360115197,0.03796849979779647,0.7664356523871543,0.05210187791465359,0.9660526501100012,0.015581386007895555,0.9033112004931828,0.040375872470776085,0.8724278875660932,0.9973349162763187,0.9974245533651507,0.1604286556847201,0.16666991735363101
XGB-gbtree,XGB-gbtree_R1_lr0.1_md3_n400_lam1_pca8,"{'model__learning_rate': 0.1, 'model__max_depth': 3, 'model__n_estimators': 400, 'model__reg_lambda': 1, 'pca__n_components': 8}",0.8631441967662916,0.03987046122831538,0.8730527910765232,0.04050949699229264,0.841112331389658,0.046409081305284317,0.850147510539305,0.04305574753370777,0.8036917315753691,0.05688246563706107,0.9745148315896435,0.013206549267868236,0.9198748367198155,0.045248409011069524,0.8906227376822683,0.9996158976723318,0.9997231547338477,0.13647170090604022,0.1495756441945426
XGB-gbtree,XGB-gbtree_R1_lr0.1_md3_n400_lam1_pca12,"{'model__learning_rate': 0.1, 'model__max_depth': 3, 'model__n_estimators': 400, 'model__reg_lambda': 1, 'pca__n_components': 12}",0.8810934377668899,0.03466720835394525,0.8974754662656454,0.03008640104052331,0.8618632858385078,0.03668747318370926,0.873047526440829,0.035550489662751546,0.829955027723637,0.04867041937371217,0.980420344662312,0.009814702804201299,0.9349059218143726,0.03483065869506436,0.9076436540390067,0.9996879554046518,0.9997827824682683,0.11859451763776196,0.1267352560274394
XGB-gbtree,XGB-gbtree_R1_lr0.1_md3_n400_lam10_pca3,"{'model__learning_rate': 0.1, 'model__max_depth': 3, 'model__n_estimators': 400, 'model__reg_lambda': 10, 'pca__n_components': 3}",0.7271268996830947,0.04756511058913612,0.7583408275388855,0.06230405731180064,0.7118682053464489,0.04115266181651719,0.7179783781356112,0.054567866891285524,0.610575539958371,0.06512618450700859,0.9295149068050362,0.024232359272684027,0.7852041573468449,0.07777292332510596,0.7694901018205472,0.9355160688987997,0.9385298966730066,0.20838916921570494,0.2205515185373954
XGB-gbtree,XGB-gbtree_R1_lr0.1_md3_n400_lam10_pca5,"{'model__learning_rate': 0.1, 'model__max_depth': 3, 'model__n_estimators': 400, 'model__reg_lambda': 10, 'pca__n_components': 5}",0.8382826859969619,0.045383878652902214,0.8555155236135287,0.038001673019264263,0.8296988584965395,0.05425254522865849,0.8350987914512039,0.04362215089763746,0.7684549215505476,0.06630909397378576,0.9653347877184659,0.016886654956355617,0.902052728465914,0.04245842838069758,0.8737929935641305,0.9939008455830051,0.9939937516127337,0.1556181595860432,0.15889496016152982
XGB-gbtree,XGB-gbtree_R1_lr0.1_md3_n400_lam10_pca8,"{'model__learning_rate': 0.1, 'model__max_depth': 3, 'model__n_estimators': 400, 'model__reg_lambda': 10, 'pca__n_components': 8}",0.8607641405796475,0.041254650270189826,0.8722364929334028,0.03795093408458618,0.8380598257762525,0.04489484257835649,0.8472482719841071,0.041062512591955085,0.800270611602393,0.0586961824960693,0.9734780138386137,0.012813572764841647,0.9188054454683566,0.039183586410319965,0.8887296744178869,0.9987272903283436,0.9990675071478581,0.13796314974869617,0.15181923516375095
XGB-gbtree,XGB-gbtree_R1_lr0.1_md3_n400_lam10_pca12,"{'model__learning_rate': 0.1, 'model__max_depth': 3, 'model__n_estimators': 400, 'model__reg_lambda': 10, 'pca__n_components': 12}",0.8791875157618076,0.03718750921954163,0.8964124872256548,0.030753196476912905,0.8580840680885917,0.03979091992105525,0.8702947101945195,0.037231796239479,0.8272889116808191,0.05241700177473632,0.9798238713580532,0.00980582725545549,0.9363635830847834,0.03106115221908265,0.9067675830399041,0.9990397757978915,0.9993161821339009,0.11985226003608385,0.1290214719393814
XGB-gbtree,XGB-gbtree_R1_lr0.1_md6_n200_lam1_pca3,"{'model__learning_rate': 0.1, 'model__max_depth': 6, 'model__n_estimators': 200, 'model__reg_lambda': 1, 'pca__n_components': 3}",0.7293452376632992,0.049331013954708326,0.7571008614428689,0.07358494004677954,0.7055936979553007,0.043871475635036086,0.712202147337674,0.05562815100299531,0.6141795255643381,0.06644708467432205,0.9295027173912231,0.021934475170748115,0.7874554854664508,0.07955081828323299,0.7689157985287647,0.9777613256701194,0.9792021393566248,0.24841608800682025,0.26699999201895086
XGB-gbtree,XGB-gbtree_R1_lr0.1_md6_n200_lam1_pca5,"{'model__learning_rate': 0.1, 'model__max_depth': 6, 'model__n_estimators': 200, 'model__reg_lambda': 1, 'pca__n_components': 5}",0.8588193188467053,0.0419955239036057,0.8692628131952074,0.03673765548821206,0.84265722833052,0.04580723522336775,0.8480008320704113,0.04515656017264337,0.7994222210771105,0.0580836129763949,0.9735199248158108,0.013791866310210926,0.9160785302254721,0.03991320817227913,0.8879301576114796,1.0,1.0,0.14118068115329474,0.15199916792958867
XGB-gbtree,XGB-gbtree_R1_lr0.1_md6_n200_lam1_pca8,"{'model__learning_rate': 0.1, 'model__max_depth': 6, 'model__n_estimators': 200, 'model__reg_lambda': 1, 'pca__n_components': 8}",0.885454262907101,0.04213825738264929,0.9033240817366405,0.033582293478625014,0.8585436746172578,0.04168758739264725,0.8721464314924843,0.04139267336583187,0.836390353188891,0.059294601031551195,0.9798105758527141,0.01156861017433942,0.9375525143652776,0.03411706368744874,0.9092980408174025,1.0,1.0,0.11454573709289895,0.12785356850751572
XGB-gbtree,XGB-gbtree_R1_lr0.1_md6_n200_lam1_pca12,"{'model__learning_rate': 0.1, 'model__max_depth': 6, 'model__n_estimators': 200, 'model__reg_lambda': 1, 'pca__n_components': 12}",0.88953372862642,0.03218704481305481,0.9101660046082758,0.030577985108785753,0.8619772373581377,0.03812286589504463,0.8769953741573324,0.03785235685066304,0.8420810408881485,0.045150292857783596,0.9825297924723178,0.008675521084580282,0.9442431429184124,0.028336563778542344,0.9140930125066064,1.0,1.0,0.11046627137358,0.12300462584266758
XGB-gbtree,XGB-gbtree_R1_lr0.1_md6_n200_lam10_pca3,"{'model__learning_rate': 0.1, 'model__max_depth': 6, 'model__n_estimators': 200, 'model__reg_lambda': 10, 'pca__n_components': 3}",0.7264739410871641,0.05092392761096707,0.7583624318966601,0.06943733842274677,0.6937611093265607,0.04802054508021729,0.7032373503920474,0.05919863914391307,0.6086681931701869,0.0702311874637186,0.9308475716015886,0.020326288756146744,0.7910859608575244,0.07725241817824252,0.7662191359448883,0.9642883825787898,0.9656562838664116,0.23781444149162567,0.2624189334743642
XGB-gbtree,XGB-gbtree_R1_lr0.1_md6_n200_lam10_pca5,"{'model__learning_rate': 0.1, 'model__max_depth': 6, 'model__n_estimators': 200, 'model__reg_lambda': 10, 'pca__n_components': 5}",0.860371775452799,0.04568627475321827,0.8808205158628015,0.03491642878451268,0.8407605535579649,0.057173003062961414,0.8505945672945339,0.049532720134289214,0.8009653253006576,0.06413615063036834,0.9745525454045673,0.013684942696903846,0.9199017856898528,0.04210323454189114,0.8903263385449053,0.9997599555384749,0.9997353115270899,0.13938818008567588,0.14914074423255608
XGB-gbtree,XGB-gbtree_R1_lr0.1_md6_n200_lam10_pca8,"{'model__learning_rate': 0.1, 'model__max_depth': 6, 'model__n_estimators': 200, 'model__reg_lambda': 10, 'pca__n_components': 8}",0.8881294687381021,0.03826270293884025,0.9080740462388984,0.03305496196212573,0.8573200981504525,0.04549866675555503,0.8727427622254039,0.04379381347914352,0.8399039036701307,0.053809372460736304,0.9791219108272712,0.011911887539962775,0.9352791653511501,0.03553475742666056,0.9093246264705398,0.9999760047990403,0.9999836744742554,0.1118465360609382,0.12724091224885148
XGB-gbtree,XGB-gbtree_R1_lr0.1_md6_n200_lam10_pca12,"{'model__learning_rate': 0.1, 'model__max_depth': 6, 'model__n_estimators': 200, 'model__reg_lambda': 10, 'pca__n_components': 12}",0.8896526554959875,0.036522889566180015,0.9100927750077282,0.034940335792427335,0.8612039681563148,0.04425832095907018,0.8755020455640095,0.04309482126427193,0.8423433169326522,0.051159748678232905,0.9818570834179907,0.007876517759092705,0.9424518887654634,0.02907356746494078,0.9130418642652662,1.0,1.0,0.11034734450401251,0.12449795443599054
XGB-gbtree,XGB-gbtree_R1_lr0.1_md6_n400_lam1_pca3,"{'model__learning_rate': 0.1, 'model__max_depth': 6, 'model__n_estimators': 400, 'model__reg_lambda': 1, 'pca__n_components': 3}",0.7251347014923049,0.051096627586319616,0.7533296447789498,0.07508692479670524,0.7008831807212668,0.044398679688086404,0.7069963737076028,0.05639659925186851,0.6083801926897029,0.06850715563423647,0.9283108218377141,0.020134628831138767,0.7897423315704003,0.07392631916276846,0.7669762672076182,0.9959420716752907,0.9966559410130656,0.27080737018298584,0.28965956730546283
XGB-gbtree,XGB-gbtree_R1_lr0.1_md6_n400_lam1_pca5,"{'model__learning_rate': 0.1, 'model__max_depth': 6, 'model__n_estimators': 400, 'model__reg_lambda': 1, 'pca__n_components': 5}",0.8606533287083709,0.04242553504134306,0.8718187932122058,0.0363931349832622,0.8461254346938327,0.04667192013756039,0.8511353876800364,0.045088901688032534,0.8021186341859442,0.05868673372109644,0.9738346594938505,0.01312391447602747,0.9169819700187555,0.03919248011822402,0.8897255582639213,1.0,1.0,0.13934667129162914,0.14886461231996362
XGB-gbtree,XGB-gbtree_R1_lr0.1_md6_n400_lam1_pca8,"{'model__learning_rate': 0.1, 'model__max_depth': 6, 'model__n_estimators': 400, 'model__reg_lambda': 1, 'pca__n_components': 8}",0.8884255149628558,0.04002876018414778,0.9076853401141601,0.03287690328052364,0.8672480458105252,0.03785990602751528,0.8788309930477114,0.03857046677789874,0.8407004199622496,0.05612218869132024,0.9806969860393966,0.010468331437551015,0.940081603211185,0.03095420111715352,0.9130876020800072,1.0,1.0,0.11157448503714418,0.1211690069522886
XGB-gbtree,XGB-gbtree_R1_lr0.1_md6_n400_lam1_pca12,"{'model__learning_rate': 0.1, 'model__max_depth': 6, 'model__n_estimators': 400, 'model__reg_lambda': 1, 'pca__n_components': 12}",0.8930945821309472,0.03144150032327557,0.9132063300935686,0.029030416292143504,0.867923223463165,0.034520634771342366,0.8823561173947185,0.034652160191861084,0.847189279062287,0.043963998495744915,0.9838045831852531,0.007286115919204059,0.9482136547906542,0.02526482417356345,0.9180548039055054,1.0,1.0,0.10690541786905283,0.11764388260528147
XGB-gbtree,XGB-gbtree_R1_lr0.1_md6_n400_lam10_pca3,"{'model__learning_rate': 0.1, 'model__max_depth': 6, 'model__n_estimators': 400, 'model__reg_lambda': 10, 'pca__n_components': 3}",0.7240744258024049,0.049602766442918736,0.7550003607797657,0.07082175912290373,0.6918079019298083,0.04848952906759015,0.6999967001028271,0.05832824891553362,0.605994564583354,0.06748929035676905,0.9297432064705115,0.0195146669571826,0.7871330731512609,0.07549084578139191,0.7633756851819217,0.9815806979869304,0.9825853703049641,0.2575062721845255,0.28258867020213696
XGB-gbtree,XGB-gbtree_R1_lr0.1_md6_n400_lam10_pca5,"{'model__learning_rate': 0.1, 'model__max_depth': 6, 'model__n_estimators': 400, 'model__reg_lambda': 10, 'pca__n_components': 5}",0.862207505078084,0.045939715449723174,0.8800730242303443,0.03781888897624017,0.8446691018395773,0.05686163738071046,0.8525256375806194,0.04923402572103265,0.8038671241071913,0.0644646264916991,0.9751322736544346,0.013274433741302914,0.9216250564777658,0.0406159961073757,0.8920280853706603,1.0,1.0,0.13779249492191603,0.1474743624193806
XGB-gbtree,XGB-gbtree_R1_lr0.1_md6_n400_lam10_pca8,"{'model__learning_rate': 0.1, 'model__max_depth': 6, 'model__n_estimators': 400, 'model__reg_lambda': 10, 'pca__n_components': 8}",0.8908242223527167,0.03876379240741469,0.9095205252788692,0.03312008092011863,0.8611959682019557,0.04618862286679457,0.8757093592791085,0.04383254006003746,0.8439077617441153,0.054533392009405136,0.9803744591415228,0.010836618817112353,0.9391494688777777,0.0328772008433668,0.9122709030096479,1.0,1.0,0.10917577764728326,0.12429064072089147
XGB-gbtree,XGB-gbtree_R1_lr0.1_md6_n400_lam10_pca12,"{'model__learning_rate': 0.1, 'model__max_depth': 6, 'model__n_estimators': 400, 'model__reg_lambda': 10, 'pca__n_components': 12}",0.8915871407530996,0.037488314499143444,0.9109846082604163,0.03620958828174488,0.8635655566790646,0.04336354638373782,0.877504567630219,0.042334608194786044,0.8450884356709437,0.05268810089455415,0.9833551250010093,0.006572458006028564,0.9473015773023938,0.02545864034885603,0.9157834542560283,1.0,1.0,0.10841285924690036,0.122495432369781
XGB-gbtree,XGB-gbtree_R1_lr0.3_md3_n200_lam1_pca3,"{'model__learning_rate': 0.3, 'model__max_depth': 3, 'model__n_estimators': 200, 'model__reg_lambda': 1, 'pca__n_components': 3}",0.7248491551890848,0.0528698846082859,0.7530489593341854,0.06521620860013023,0.6989058560926387,0.04849462108501181,0.7048385942878079,0.059116985728877094,0.6078156661384708,0.07223340247339957,0.927532063925969,0.022459690535417843,0.778078693024159,0.07729229920369306,0.7622750401270674,0.9595333231853325,0.9617969854647155,0.2346841679962477,0.25695839117690755
XGB-gbtree,XGB-gbtree_R1_lr0.3_md3_n200_lam1_pca5,"{'model__learning_rate': 0.3, 'model__max_depth': 3, 'model__n_estimators': 200, 'model__reg_lambda': 1, 'pca__n_components': 5}",0.8481689997557581,0.04486107755629622,0.8520603119553639,0.05097457045135445,0.8410167572774114,0.055931142097469896,0.8386003492859005,0.05000733411371935,0.7834154250563017,0.06460164654917203,0.9685114282635615,0.015673095678392177,0.9113186809503968,0.03749235992692503,0.8805422475881494,0.9997839278429218,0.9997729846989556,0.1516149280871637,0.16117263541305504
XGB-gbtree,XGB-gbtree_R1_lr0.3_md3_n200_lam1_pca8,"{'model__learning_rate': 0.3, 'model__max_depth': 3, 'model__n_estimators': 200, 'model__reg_lambda': 1, 'pca__n_components': 8}",0.8743844090546983,0.03896536376771725,0.8863259899830476,0.03244571874229008,0.860387600204694,0.042010300976654646,0.8679876652371593,0.034603310335029794,0.8199296502685494,0.0552950960431255,0.9763994106309397,0.01125199806664236,0.9265509288683834,0.03691388491924741,0.9015011397466058,1.0,1.0,0.12561559094530172,0.1320123347628407
XGB-gbtree,XGB-gbtree_R1_lr0.3_md3_n200_lam1_pca12,"{'model__learning_rate': 0.3, 'model__max_depth': 3, 'model__n_estimators': 200, 'model__reg_lambda': 1, 'pca__n_components': 12}",0.8884711393168567,0.030488630749228467,0.9014139056776065,0.03127056836841488,0.8744937178003644,0.035704808074666916,0.8829538266056547,0.03243787448565817,0.8409926132080858,0.04234490201311338,0.9817735333861959,0.008657255100732026,0.9417078617619614,0.03005547899137449,0.915052664990553,1.0,1.0,0.11152886068314327,0.11704617339434531
XGB-gbtree,XGB-gbtree_R1_lr0.3_md3_n200_lam10_pca3,"{'model__learning_rate': 0.3, 'model__max_depth': 3, 'model__n_estimators': 200, 'model__reg_lambda': 10, 'pca__n_components': 3}",0.7248362934205165,0.050953143774642544,0.7543807837341333,0.06489945542936501,0.7138428933761655,0.045223790975376266,0.717680206371114,0.05742566690211441,0.607430920901127,0.0705285843859356,0.9297270870655684,0.02278454581327311,0.7859031542127198,0.07795484845964855,0.7690996070114657,0.9474776989395213,0.9498798555078196,0.2226414055190048,0.23219964913670565
XGB-gbtree,XGB-gbtree_R1_lr0.3_md3_n200_lam10_pca5,"{'model__learning_rate': 0.3, 'model__max_depth': 3, 'model__n_estimators': 200, 'model__reg_lambda': 10, 'pca__n_components': 5}",0.8466278523291269,0.04281675893783807,0.8699506888590813,0.03186515135238019,0.8402864511201384,0.05471045423073329,0.84855157289069,0.043850797191408046,0.7803647925275596,0.06235630688784476,0.9667580224281898,0.016067396966059612,0.9048907399290972,0.04050686429499729,0.881208236361189,0.9981027830146287,0.9979931101923929,0.15147493068550189,0.14944153730170284
XGB-gbtree,XGB-gbtree_R1_lr0.3_md3_n200_lam10_pca8,"{'model__learning_rate': 0.3, 'model__max_depth': 3, 'model__n_estimators': 200, 'model__reg_lambda': 10, 'pca__n_components': 8}",0.8678708584729042,0.044627807231106535,0.8821015478052932,0.03363793749225615,0.851485850274128,0.045555358667133665,0.8599494012957141,0.03755339833051427,0.810533761445177,0.06347423810310393,0.9754559677741949,0.011724375653314726,0.9257471126382171,0.03464955023969881,0.89698779821884,0.9998559768358406,0.9999024021188495,0.13198511836293636,0.13995300082313544
XGB-gbtree,XGB-gbtree_R1_lr0.3_md3_n200_lam10_pca12,"{'model__learning_rate': 0.3, 'model__max_depth': 3, 'model__n_estimators': 200, 'model__reg_lambda': 10, 'pca__n_components': 12}",0.8830999552337166,0.030730554822963347,0.902231397400017,0.025506456306019703,0.8647552528572134,0.03180049420425229,0.8774920677863124,0.029353458130776985,0.8329962625719606,0.043191378121971234,0.9812966707051798,0.008177452412591654,0.9408260662903061,0.026677667341551786,0.911605421787533,1.0,1.0,0.11690004476628335,0.12250793221368761
XGB-gbtree,XGB-gbtree_R1_lr0.3_md3_n400_lam1_pca3,"{'model__learning_rate': 0.3, 'model__max_depth': 3, 'model__n_estimators': 400, 'model__reg_lambda': 1, 'pca__n_components': 3}",0.7207256528694548,0.052935562139740724,0.7452928685205524,0.0645095952608553,0.691490258872685,0.04985431409143062,0.6958209224179754,0.05871215916625937,0.6026455765469978,0.07100909564596505,0.9249335989212032,0.02129263516353493,0.7755784114464381,0.07718948534736925,0.7575740407126376,0.9821559256524116,0.9838615686573094,0.26143027278295683,0.288040646239334
XGB-gbtree,XGB-gbtree_R1_lr0.3_md3_n400_lam1_pca5,"{'model__learning_rate': 0.3, 'model__max_depth': 3, 'model__n_estimators': 400, 'model__reg_lambda': 1, 'pca__n_components': 5}",0.854130981196829,0.04794946336946551,0.8651011287527423,0.04444267387734614,0.8486847904126253,0.06188671228499234,0.8498919699386228,0.05142984439233181,0.7922398591099439,0.06888418694397747,0.9697591816759177,0.015302713958591032,0.9145756672203454,0.038503556230392984,0.8868625222379801,1.0,1.0,0.14586901880317105,0.15010803006137718
XGB-gbtree,XGB-gbtree_R1_lr0.3_md3_n400_lam1_pca8,"{'model__learning_rate': 0.3, 'model__max_depth': 3, 'model__n_estimators': 400, 'model__reg_lambda': 1, 'pca__n_components': 8}",0.8844685160320926,0.03851637509855547,0.8973133493164083,0.0341746470905575,0.8718664057808931,0.04144310621651824,0.8798714580508307,0.03655803443343964,0.8348190721759081,0.05423655683880097,0.978400003460761,0.01047470875146953,0.9320665476782148,0.03489682920872973,0.909782513939,1.0,1.0,0.11553148396790736,0.12012854194916933
XGB-gbtree,XGB-gbtree_R1_lr0.3_md3_n400_lam1_pca12,"{'model__learning_rate': 0.3, 'model__max_depth': 3, 'model__n_estimators': 400, 'model__reg_lambda': 1, 'pca__n_components': 12}",0.8928909004800974,0.02777197594396471,0.9057850395350817,0.029277109840681475,0.8847329613787291,0.025215126050182016,0.8906856388930914,0.02531271994599638,0.847350296902999,0.038342403158892036,0.9836261186490944,0.007103132095136651,0.9478917670049928,0.024811404227922905,0.9207508514498612,1.0,1.0,0.10710909951990255,0.10931436110690862
XGB-gbtree,XGB-gbtree_R1_lr0.3_md3_n400_lam10_pca3,"{'model__learning_rate': 0.3, 'model__max_depth': 3, 'model__n_estimators': 400, 'model__reg_lambda': 10, 'pca__n_components': 3}",0.7249546620858299,0.0547538571580949,0.7552381582027061,0.0677841998465003,0.7136093132886787,0.048541077224239025,0.7178342540652494,0.0600650575553503,0.60804063060732,0.07560797542765416,0.9279181246730278,0.022738947665177187,0.7817915118647647,0.07815351203571656,0.7678820270778913,0.9667374195949272,0.9687480011754335,0.24178275750909728,0.2509137471101841
XGB-gbtree,XGB-gbtree_R1_lr0.3_md3_n400_lam10_pca5,"{'model__learning_rate': 0.3, 'model__max_depth': 3, 'model__n_estimators': 400, 'model__reg_lambda': 10, 'pca__n_components': 5}",0.8493305762618931,0.04684486236189069,0.8681733570428317,0.03998005580889779,0.8440484254788645,0.058606344816070514,0.8494289088337128,0.048909664670734154,0.785140889735363,0.0672250016405076,0.9681793508143699,0.016183839146460984,0.9084657653383672,0.04001381455130011,0.8834883730132539,0.9999759932781178,0.9999676840134135,0.1506454170162247,0.1505387751797007
XGB-gbtree,XGB-gbtree_R1_lr0.3_md3_n400_lam10_pca8,"{'model__learning_rate': 0.3, 'model__max_depth': 3, 'model__n_estimators': 400, 'model__reg_lambda': 10, 'pca__n_components': 8}",0.875350874724153,0.042573911775751046,0.8937350911581335,0.02914557363888181,0.8599614176387693,0.04762719008083586,0.8708209078404826,0.039511552103350514,0.8213273344065621,0.06054389475576328,0.9774407543835533,0.01030972093163191,0.9307311687701887,0.03193570773899237,0.9040719146046508,1.0,1.0,0.12464912527584704,0.1291790921595174
XGB-gbtree,XGB-gbtree_R1_lr0.3_md3_n400_lam10_pca12,"{'model__learning_rate': 0.3, 'model__max_depth': 3, 'model__n_estimators': 400, 'model__reg_lambda': 10, 'pca__n_components': 12}",0.8917489389943469,0.03028497242031226,0.9086179373528571,0.024087970042897578,0.8818500985783869,0.025900135053072412,0.8905551005806529,0.02427138421262148,0.8453061597803885,0.04261075928259644,0.9828621863167053,0.006618330161494988,0.9460934812982378,0.022713340969008643,0.9197672205896948,1.0,1.0,0.10825106100565307,0.1094448994193471
XGB-gbtree,XGB-gbtree_R1_lr0.3_md6_n200_lam1_pca3,"{'model__learning_rate': 0.3, 'model__max_depth': 6, 'model__n_estimators': 200, 'model__reg_lambda': 1, 'pca__n_components': 3}",0.7251207006417598,0.050372420169076795,0.7524108841816732,0.07457411638260214,0.6980113364163772,0.04874504555315872,0.7050916054430014,0.05837972118060777,0.6078882632373601,0.06827247014318591,0.9264048130382301,0.02023589299645496,0.79231882218831,0.06865545624203144,0.7671181864166637,0.9996157767897775,0.9996961092467558,0.2744950761480177,0.29460450380375436
XGB-gbtree,XGB-gbtree_R1_lr0.3_md6_n200_lam1_pca5,"{'model__learning_rate': 0.3, 'model__max_depth': 6, 'model__n_estimators': 200, 'model__reg_lambda': 1, 'pca__n_components': 5}",0.8626825558053002,0.04334589323160276,0.8681544362894578,0.03820267208092405,0.8596660811517914,0.055352409292551794,0.8575306716168288,0.0450374171007882,0.8052761462708992,0.06032740005197348,0.9747561765127667,0.013135747234553775,0.9226781452157266,0.0363682349368066,0.8942822966560016,1.0,1.0,0.13731744419469982,0.14246932838317117
XGB-gbtree,XGB-gbtree_R1_lr0.3_md6_n200_lam1_pca8,"{'model__learning_rate': 0.3, 'model__max_depth': 6, 'model__n_estimators': 200, 'model__reg_lambda': 1, 'pca__n_components': 8}",0.8890122872049588,0.04215580549955497,0.906792864716517,0.035300458189227044,0.8772892541837416,0.04262055204948067,0.8873131605661145,0.03803350208600538,0.8413347707386768,0.05967286152947181,0.9810517027527155,0.009511984307164635,0.9451146206528869,0.02503971513171546,0.9176983888627799,1.0,1.0,0.11098771279504116,0.11268683943388547
XGB-gbtree,XGB-gbtree_R1_lr0.3_md6_n200_lam1_pca12,"{'model__learning_rate': 0.3, 'model__max_depth': 6, 'model__n_estimators': 200, 'model__reg_lambda': 1, 'pca__n_components': 12}",0.8956040103319209,0.03267794990345665,0.9091882770857496,0.03288214713081481,0.8827947073911396,0.03441767652850251,0.8913019749154815,0.030922254154938794,0.851012151802259,0.04561429389213036,0.9844852247536886,0.006303058656700925,0.9511426083559493,0.020401620110894622,0.9226502197241867,1.0,1.0,0.10439598966807906,0.10869802508451853
XGB-gbtree,XGB-gbtree_R1_lr0.3_md6_n200_lam10_pca3,"{'model__learning_rate': 0.3, 'model__max_depth': 6, 'model__n_estimators': 200, 'model__reg_lambda': 10, 'pca__n_components': 3}",0.7241667108109567,0.048162161758310194,0.7536189958528677,0.06965877519079124,0.6991482424547426,0.043525422601543774,0.7063509988326482,0.05725798718692935,0.6067729343235502,0.06433713497867705,0.9282162700885579,0.018449123814138515,0.7834816045221915,0.07221641348157465,0.7644063568388716,0.9919551621562528,0.992776924378564,0.26778845134529605,0.28642592554591584
XGB-gbtree,XGB-gbtree_R1_lr0.3_md6_n200_lam10_pca5,"{'model__learning_rate': 0.3, 'model__max_depth': 6, 'model__n_estimators': 200, 'model__reg_lambda': 10, 'pca__n_components': 5}",0.8658700768320553,0.04709537071046831,0.8821966673852122,0.04049238667589741,0.8514539401759189,0.05721390759678554,0.8589324527724734,0.04934245099033677,0.8088430340192202,0.0664611846663537,0.9749987863276572,0.013495871465837458,0.9248843605317456,0.03692290117349995,0.896079443437943,1.0,1.0,0.1341299231679447,0.14106754722752657
XGB-gbtree,XGB-gbtree_R1_lr0.3_md6_n200_lam10_pca8,"{'model__learning_rate': 0.3, 'model__max_depth': 6, 'model__n_estimators': 200, 'model__reg_lambda': 10, 'pca__n_components': 8}",0.8912070063117123,0.037732734465360226,0.9096484645385239,0.03461092507254734,0.8641998458588015,0.045272412647979765,0.8777011348405391,0.042901004492868856,0.8443136501263735,0.053313155567633004,0.9814854361101316,0.009294331271972852,0.9426448016621933,0.029191770404339238,0.9141675871886398,1.0,1.0,0.10879299368828765,0.12229886515946087
XGB-gbtree,XGB-gbtree_R1_lr0.3_md6_n200_lam10_pca12,"{'model__learning_rate': 0.3, 'model__max_depth': 6, 'model__n_estimators': 200, 'model__reg_lambda': 10, 'pca__n_components': 12}",0.8941931042878644,0.03820771081885489,0.9120012195111471,0.03606986282987002,0.8724497657801299,0.03800439954831431,0.8852193014222692,0.03691346434348211,0.8489567868722162,0.0535414822279975,0.9838300980780597,0.006623580200156983,0.9507299509433885,0.023059392371907697,0.9201425486005886,1.0,1.0,0.10580689571213564,0.11478069857773077
XGB-gbtree,XGB-gbtree_R1_lr0.3_md6_n400_lam1_pca3,"{'model__learning_rate': 0.3, 'model__max_depth': 6, 'model__n_estimators': 400, 'model__reg_lambda': 1, 'pca__n_components': 3}",0.7265598642468796,0.050839410186303606,0.7535989551246491,0.07342713015969596,0.7006709804259603,0.049323577211181115,0.7071087150705028,0.05810165538809375,0.6099824497269303,0.06907179164846848,0.9245103565150637,0.018957582211354924,0.7897303577577588,0.06502969068966294,0.7672767658972424,0.9998558671896604,0.9998590624223702,0.2732960029427808,0.29275034735186745
XGB-gbtree,XGB-gbtree_R1_lr0.3_md6_n400_lam1_pca5,"{'model__learning_rate': 0.3, 'model__max_depth': 6, 'model__n_estimators': 400, 'model__reg_lambda': 1, 'pca__n_components': 5}",0.862502926900549,0.04380026921901903,0.8678062628757732,0.03728758400916057,0.8606711145291829,0.05586839537906947,0.8578506208300164,0.04477482460618976,0.805046045951614,0.060806163609470235,0.9748631848750783,0.01315201416875252,0.9226418022328726,0.03602103211363616,0.8943384820128987,1.0,1.0,0.13749707309945103,0.1421493791699836
XGB-gbtree,XGB-gbtree_R1_lr0.3_md6_n400_lam1_pca8,"{'model__learning_rate': 0.3, 'model__max_depth': 6, 'model__n_estimators': 400, 'model__reg_lambda': 1, 'pca__n_components': 8}",0.8904495167072071,0.040910367007740304,0.9081634089994222,0.03430282051270247,0.8803983891203888,0.042126037513678175,0.8897361186203853,0.03721983379248819,0.8434835316898157,0.057663432985535945,0.9810037339325879,0.009254027148729277,0.9445962531538041,0.024532725752338728,0.9186913792063658,1.0,1.0,0.10955048329279293,0.11026388137961474
XGB-gbtree,XGB-gbtree_R1_lr0.3_md6_n400_lam1_pca12,"{'model__learning_rate': 0.3, 'model__max_depth': 6, 'model__n_estimators': 400, 'model__reg_lambda': 1, 'pca__n_components': 12}",0.8979082968127159,0.03214098092039139,0.9113837439624648,0.0315300144251073,0.8848153482549197,0.03381685631906884,0.8934046393358701,0.030154746931823333,0.8543982284850011,0.04473530920163123,0.9843589448808592,0.005968258398568429,0.9519338818599714,0.019573269623780434,0.9241792118127806,1.0,1.0,0.10209170318728411,0.10659536066412989
XGB-gbtree,XGB-gbtree_R1_lr0.3_md6_n400_lam10_pca3,"{'model__learning_rate': 0.3, 'model__max_depth': 6, 'model__n_estimators': 400, 'model__reg_lambda': 10, 'pca__n_components': 3}",0.7220419632191669,0.047237525735282844,0.7502087726266653,0.0694987856818201,0.6929756695668076,0.04602606553904455,0.6992233008988433,0.05627572787433978,0.6040681138447977,0.06262638053184948,0.9257681426890395,0.017776798757877608,0.7801963693252779,0.07044195869877984,0.7604845757155068,0.9993279147611729,0.9994685031839243,0.27728595154200597,0.300245202285081
XGB-gbtree,XGB-gbtree_R1_lr0.3_md6_n400_lam10_pca5,"{'model__learning_rate': 0.3, 'model__max_depth': 6, 'model__n_estimators': 400, 'model__reg_lambda': 10, 'pca__n_components': 5}",0.8672239680819885,0.047079844371858144,0.8850004547936118,0.04053464027452963,0.8568639521522854,0.05241274909574888,0.8636557742620564,0.0462361868055884,0.8109071473755494,0.06627867606350064,0.9748999720921099,0.012866232330308524,0.9251932469713575,0.03577075086728829,0.8981008649737294,1.0,1.0,0.13277603191801146,0.13634422573794358
XGB-gbtree,XGB-gbtree_R1_lr0.3_md6_n400_lam10_pca8,"{'model__learning_rate': 0.3, 'model__max_depth': 6, 'model__n_estimators': 400, 'model__reg_lambda': 10, 'pca__n_components': 8}",0.8920782259347628,0.03862123502639445,0.9114046646262526,0.03484761154438172,0.8683411499918083,0.042904569760953123,0.8820184901727158,0.04037681586780491,0.8455586749674717,0.05465493931326517,0.981795747394089,0.008884202836112406,0.9437972577413174,0.027566072172628443,0.9161983617992563,1.0,1.0,0.10792177406523717,0.11798150982728417
XGB-gbtree,XGB-gbtree_R1_lr0.3_md6_n400_lam10_pca12,"{'model__learning_rate': 0.3, 'model__max_depth': 6, 'model__n_estimators': 400, 'model__reg_lambda': 10, 'pca__n_components': 12}",0.8960130326949358,0.03629261093433027,0.9134117198994451,0.034480730687916704,0.877748309204726,0.03494010237252214,0.889466068561504,0.033982653845451016,0.8516498493705618,0.050704271881924425,0.9843004815525539,0.006099901000284185,0.9521575984685337,0.021731256153861223,0.9224828639051061,1.0,1.0,0.10398696730506418,0.11053393143849599
XGB-dart,XGB-dart_R1_lr0.05_md3_n200_lam1_pca3,"{'model__learning_rate': 0.05, 'model__max_depth': 3, 'model__n_estimators': 200, 'model__reg_lambda': 1, 'pca__n_components': 3}",0.7167893396696776,0.048338465400166106,0.743558143324826,0.07053886440728062,0.683738730281274,0.053464091244189584,0.6951715533698499,0.06551864640438611,0.5922060574942534,0.06901068380717508,0.9241683288535372,0.02599400787150996,0.7663960417142952,0.09661684864878835,0.752556874610424,0.8825340015994187,0.8907743270765003,0.16574466192974113,0.19560277370665036
XGB-dart,XGB-dart_R1_lr0.05_md3_n200_lam1_pca5,"{'model__learning_rate': 0.05, 'model__max_depth': 3, 'model__n_estimators': 200, 'model__reg_lambda': 1, 'pca__n_components': 5}",0.7990160315748701,0.061769262291095146,0.8209553690109844,0.061193280468441455,0.7871341249490491,0.06724758875769653,0.7950961525850924,0.06280507267802793,0.7138821085801621,0.08684099970761174,0.9501817584621159,0.02335779743660007,0.8722677293072495,0.059456963840501996,0.8414349787274743,0.9517063775988955,0.9575559024598016,0.15269034602402543,0.16245974987470924
XGB-dart,XGB-dart_R1_lr0.05_md3_n200_lam1_pca8,"{'model__learning_rate': 0.05, 'model__max_depth': 3, 'model__n_estimators': 200, 'model__reg_lambda': 1, 'pca__n_components': 8}",0.8142283560914916,0.053962843987696504,0.8472760777587041,0.04692028614436728,0.7947364427179068,0.05830638185274412,0.8120832779775068,0.05395767833275799,0.7329633428567552,0.07864656514970285,0.9572742100008764,0.020933182265899197,0.8839902528197341,0.049108125900974124,0.8541850674085394,0.9638835304173327,0.9697138022532836,0.14965517432584108,0.15763052427577684
XGB-dart,XGB-dart_R1_lr0.05_md3_n200_lam1_pca12,"{'model__learning_rate': 0.05, 'model__max_depth': 3, 'model__n_estimators': 200, 'model__reg_lambda': 1, 'pca__n_components': 12}",0.8340112254331181,0.04584251022819233,0.86432149557598,0.04622760394511436,0.8144422075316433,0.051731750249065976,0.8305495850877115,0.04904967486869714,0.7618499282982863,0.06631232860315703,0.9639526519955799,0.016344214818227093,0.8934188466766259,0.04658503936108055,0.8682977986378267,0.9706792236062656,0.9753621160718782,0.13666799817314745,0.1448125309841667
XGB-dart,XGB-dart_R1_lr0.05_md3_n200_lam10_pca3,"{'model__learning_rate': 0.05, 'model__max_depth': 3, 'model__n_estimators': 200, 'model__reg_lambda': 10, 'pca__n_components': 3}",0.7157230363674721,0.04794624347884044,0.7424950998874098,0.07185203074617878,0.6789899241047426,0.05152035592093242,0.6915119366554451,0.06540485769140926,0.5896351970153744,0.06889235155655003,0.924614157363344,0.025164191887919265,0.7640840122584341,0.08906169717755061,0.7501378491405221,0.8777260386589687,0.8852642616348207,0.16200300229149656,0.19375232497937567
XGB-dart,XGB-dart_R1_lr0.05_md3_n200_lam10_pca5,"{'model__learning_rate': 0.05, 'model__max_depth': 3, 'model__n_estimators': 200, 'model__reg_lambda': 10, 'pca__n_components': 5}",0.8016145510795905,0.059269363788519595,0.8244933063201803,0.059459423783147704,0.794335674060631,0.06907549391843416,0.8010139288805005,0.06313653618446541,0.7170740277383439,0.08336373863092363,0.9501086139928617,0.023233465286270693,0.8713186837412421,0.05933917462911185,0.8436232088303047,0.9492324784199712,0.9547854414404975,0.1476179273403807,0.153771512559997
XGB-dart,XGB-dart_R1_lr0.05_md3_n200_lam10_pca8,"{'model__learning_rate': 0.05, 'model__max_depth': 3, 'model__n_estimators': 200, 'model__reg_lambda': 10, 'pca__n_components': 8}",0.8127904469407273,0.051171516314189515,0.8448013482856471,0.04477831859627717,0.7833124151787262,0.06103105904857421,0.8041209466350121,0.053557140816499475,0.730580102683313,0.07502334838893265,0.9574442720223523,0.020464795982178152,0.881812446566651,0.0514659142228677,0.8504078148477733,0.9618423685004537,0.9675450765130158,0.14905192155972635,0.1634241298780037
XGB-dart,XGB-dart_R1_lr0.05_md3_n200_lam10_pca12,"{'model__learning_rate': 0.05, 'model__max_depth': 3, 'model__n_estimators': 200, 'model__reg_lambda': 10, 'pca__n_components': 12}",0.8311549887195744,0.04526176578423881,0.8549195422650276,0.04698292736335908,0.8096474005794356,0.04877090158894056,0.8221806953399862,0.043217249229798936,0.7575573908738675,0.0653064758653114,0.9638966032300468,0.01652090917835877,0.8918719418489467,0.0485184495669581,0.8642771108752889,0.9683489034663866,0.9730443336594817,0.1371939147468122,0.15086363831949556
XGB-dart,XGB-dart_R1_lr0.05_md3_n400_lam1_pca3,"{'model__learning_rate': 0.05, 'model__max_depth': 3, 'model__n_estimators': 400, 'model__reg_lambda': 1, 'pca__n_components': 3}",0.7249849370523359,0.04947493781448074,0.7553230725437787,0.06389866960826028,0.7033073203329403,0.04948253732071836,0.7100042658237449,0.06376672218519144,0.6063949203151568,0.0691798770564234,0.9288524789295973,0.023949047840536607,0.7827599196757395,0.08019880484649154,0.7653205485523543,0.9147189594598608,0.9205594009722811,0.1897340224075249,0.2105551351485362
XGB-dart,XGB-dart_R1_lr0.05_md3_n400_lam1_pca5,"{'model__learning_rate': 0.05, 'model__max_depth': 3, 'model__n_estimators': 400, 'model__reg_lambda': 1, 'pca__n_components': 5}",0.8276038579112054,0.04064251297820596,0.848852915437174,0.04073362630387586,0.8187622088679838,0.05446070594635399,0.8243209003408951,0.04560894191564127,0.7543463973279123,0.058171123514150436,0.9603686587341302,0.017851158178780968,0.8939384514734279,0.0455338920435511,0.8651441834927597,0.9837905614683955,0.9851521520395657,0.1561867035571901,0.16083125169867063
XGB-dart,XGB-dart_R1_lr0.05_md3_n400_lam1_pca8,"{'model__learning_rate': 0.05, 'model__max_depth': 3, 'model__n_estimators': 400, 'model__reg_lambda': 1, 'pca__n_components': 8}",0.8445194257896886,0.04313357952071248,0.8672894546952218,0.03326144287136534,0.8267797530119632,0.04910133314625874,0.8395462083367269,0.04453124994251641,0.7773515778707514,0.06123368105894745,0.9677460802266673,0.01667255014564331,0.907670270353886,0.04271529857117841,0.8786307558753296,0.9902743959825335,0.9923185706418669,0.1457549701928449,0.15277236230514002
XGB-dart,XGB-dart_R1_lr0.05_md3_n400_lam1_pca12,"{'model__learning_rate': 0.05, 'model__max_depth': 3, 'model__n_estimators': 400, 'model__reg_lambda': 1, 'pca__n_components': 12}",0.8614379693477734,0.04309778126169225,0.8827951067744129,0.03777937489007385,0.8405219242840107,0.04797180765029016,0.8531904073774219,0.0453990348319138,0.8019633172697702,0.061132174966875785,0.9740982752832658,0.013777624748599579,0.9186448121044343,0.043034277013557866,0.8909389593722471,0.9922433275668674,0.9940517214598044,0.130805358219094,0.14086131408238245
XGB-dart,XGB-dart_R1_lr0.05_md3_n400_lam10_pca3,"{'model__learning_rate': 0.05, 'model__max_depth': 3, 'model__n_estimators': 400, 'model__reg_lambda': 10, 'pca__n_components': 3}",0.7265044837000056,0.04598248699487102,0.7581209886201747,0.06481040066013623,0.7030440446531065,0.0468144752766534,0.7122083346772462,0.06029419583824625,0.6085139618872747,0.06359889914336134,0.9297306487615854,0.022217213904999842,0.7845105888794952,0.07999316813883843,0.7669919681667929,0.9082574164746798,0.9142647854138406,0.1817529327746742,0.2020564507365944
XGB-dart,XGB-dart_R1_lr0.05_md3_n400_lam10_pca5,"{'model__learning_rate': 0.05, 'model__max_depth': 3, 'model__n_estimators': 400, 'model__reg_lambda': 10, 'pca__n_components': 5}",0.8252933441832899,0.041646109202665385,0.8437333777498892,0.04467546524240592,0.8185959216828171,0.05254892184299297,0.8236469586375348,0.044751079232993374,0.7508294081090555,0.059746010475399784,0.9591711581901323,0.01878803417010595,0.8899699485818348,0.04913202302519355,0.863010537091299,0.9799004204203797,0.9815286754954291,0.1546070762370898,0.15788171685789432
XGB-dart,XGB-dart_R1_lr0.05_md3_n400_lam10_pca8,"{'model__learning_rate': 0.05, 'model__max_depth': 3, 'model__n_estimators': 400, 'model__reg_lambda': 10, 'pca__n_components': 8}",0.8450308565645696,0.04821432856500172,0.8632592225195121,0.041810742540248615,0.8262481455503519,0.050200222913923134,0.8356409362197905,0.045490164948370264,0.7786954140782315,0.06829510588444956,0.9679416060904911,0.01653854207652211,0.9065788120282778,0.04367497430812775,0.8771891517623948,0.9883284587644623,0.9906906167274195,0.14329760219989274,0.15504968050762902
XGB-dart,XGB-dart_R1_lr0.05_md3_n400_lam10_pca12,"{'model__learning_rate': 0.05, 'model__max_depth': 3, 'model__n_estimators': 400, 'model__reg_lambda': 10, 'pca__n_components': 12}",0.8598138696156903,0.04428161224719462,0.8776275036311721,0.04247189905732434,0.840268041360323,0.046270606550320455,0.8494141659935304,0.04317612458770866,0.7997463752778979,0.06284435677360571,0.9735898373477996,0.013951060407898454,0.9162911701842186,0.04330909847548571,0.888526174605566,0.9902259868960961,0.9923555532799249,0.1304121172804058,0.1429413872863945
XGB-dart,XGB-dart_R1_lr0.05_md6_n200_lam1_pca3,"{'model__learning_rate': 0.05, 'model__max_depth': 6, 'model__n_estimators': 200, 'model__reg_lambda': 1, 'pca__n_components': 3}",0.7301860253842731,0.04685290119592282,0.7610454069896903,0.06760232573791493,0.7054805607419372,0.04580604042348475,0.7138832064574718,0.05481125742520592,0.614789691360693,0.06382987664713757,0.9302341133691352,0.022026672756764957,0.7873172264688811,0.08114222718739723,0.7695317595355665,0.9533617340890392,0.954735245773102,0.2231757087047661,0.24085203931563015
XGB-dart,XGB-dart_R1_lr0.05_md6_n200_lam1_pca5,"{'model__learning_rate': 0.05, 'model__max_depth': 6, 'model__n_estimators': 200, 'model__reg_lambda': 1, 'pca__n_components': 5}",0.8540847916407595,0.04036154407110705,0.8759440899110051,0.03487569694178768,0.8357909069604951,0.052611111310828323,0.8455366256590662,0.048533129015907,0.7918370894730393,0.056505745859582325,0.9718882350609597,0.015762630115564762,0.9136742104734502,0.04509330857312465,0.8850431269563453,0.9986554258471024,0.9986281452770948,0.14457063420634297,0.15309151961802858
XGB-dart,XGB-dart_R1_lr0.05_md6_n200_lam1_pca8,"{'model__learning_rate': 0.05, 'model__max_depth': 6, 'model__n_estimators': 200, 'model__reg_lambda': 1, 'pca__n_components': 8}",0.8790950385702623,0.04271660696727615,0.9014708370217741,0.03532474040812456,0.8504009734948971,0.04622233679458369,0.866643168936266,0.04500778983888981,0.8270107767532876,0.06038934728896644,0.9772941024537755,0.01413524085477332,0.9298451626282223,0.040446383578097,0.9033312399803773,0.9998319268117907,0.9998859426832476,0.1207368882415284,0.13324277374698157
XGB-dart,XGB-dart_R1_lr0.05_md6_n200_lam1_pca12,"{'model__learning_rate': 0.05, 'model__max_depth': 6, 'model__n_estimators': 200, 'model__reg_lambda': 1, 'pca__n_components': 12}",0.8809715018770848,0.035371691537221354,0.9025924251903531,0.03413991428112861,0.8517474308419875,0.04213195119893623,0.8679308118733969,0.041663960182665785,0.8296521390749654,0.05025798659713744,0.9790023091997619,0.010455165487163744,0.9333524303155011,0.03398233676519227,0.9053697705754602,0.9999279480531079,0.9999510640560981,0.11895644617602308,0.1320202521827012
XGB-dart,XGB-dart_R1_lr0.05_md6_n200_lam10_pca3,"{'model__learning_rate': 0.05, 'model__max_depth': 6, 'model__n_estimators': 200, 'model__reg_lambda': 10, 'pca__n_components': 3}",0.7213385690242222,0.04362554331843801,0.7525816599941724,0.0625760447959429,0.691821885410953,0.04393317677444242,0.7007522927498651,0.05450937439790727,0.6010150787757624,0.059618136670869445,0.930539546620763,0.019634003739739107,0.7938847798154722,0.07410359137256438,0.7650482039844061,0.9445710390554206,0.9457580080933676,0.2232324700311984,0.24500571534350257
XGB-dart,XGB-dart_R1_lr0.05_md6_n200_lam10_pca5,"{'model__learning_rate': 0.05, 'model__max_depth': 6, 'model__n_estimators': 200, 'model__reg_lambda': 10, 'pca__n_components': 5}",0.8520094627518107,0.0447943646695968,0.8741562019061376,0.03334371117820212,0.8320040325186655,0.05605383431680448,0.8431017362714327,0.04882356729728408,0.7887773690697735,0.0629676098501252,0.9720841868761747,0.014903542399433454,0.9141650935394431,0.045283240287724444,0.8838851714485875,0.9963987276233649,0.9961177522542707,0.14438926487155423,0.15301601598283798
XGB-dart,XGB-dart_R1_lr0.05_md6_n200_lam10_pca8,"{'model__learning_rate': 0.05, 'model__max_depth': 6, 'model__n_estimators': 200, 'model__reg_lambda': 10, 'pca__n_components': 8}",0.8763164395151589,0.04047298412299013,0.8992822745006863,0.03225126532166326,0.8452015959807238,0.04415064259993355,0.8618395256198264,0.042106484121471055,0.8228212006759105,0.05720674856855978,0.9761987473011102,0.013317110218458245,0.9258673519116984,0.041915866545906164,0.8997058259564934,0.9993034205245344,0.9994315962209426,0.12298698100937544,0.13759207060111622
XGB-dart,XGB-dart_R1_lr0.05_md6_n200_lam10_pca12,"{'model__learning_rate': 0.05, 'model__max_depth': 6, 'model__n_estimators': 200, 'model__reg_lambda': 10, 'pca__n_components': 12}",0.8809877015260191,0.035837030344977525,0.9040595505578579,0.035168038872040785,0.8530475346203877,0.04216641881953905,0.8683339955782529,0.04160034429786784,0.8296774375670692,0.05053490873525429,0.9772559302448822,0.010428395794143702,0.9266491339836763,0.03936541734400568,0.9032739494484879,0.9995678150198651,0.999695836479955,0.118580113493846,0.1313618409017021
XGB-dart,XGB-dart_R1_lr0.05_md6_n400_lam1_pca3,"{'model__learning_rate': 0.05, 'model__max_depth': 6, 'model__n_estimators': 400, 'model__reg_lambda': 1, 'pca__n_components': 3}",0.7293632876572467,0.051561639345223315,0.7563078887438967,0.07587454814380723,0.705560107592547,0.045378134470361535,0.711720139477941,0.056827297962669054,0.6145065605309267,0.06971570443025267,0.9297201793361707,0.02143268207638752,0.7917303882899033,0.07434046329897369,0.7702346026777692,0.9779289777872894,0.9793461425020007,0.2485656901300427,0.2676260030240597
XGB-dart,XGB-dart_R1_lr0.05_md6_n400_lam1_pca5,"{'model__learning_rate': 0.05, 'model__max_depth': 6, 'model__n_estimators': 400, 'model__reg_lambda': 1, 'pca__n_components': 5}",0.8594858755983417,0.042336885238294264,0.8724617263127816,0.035240762302967986,0.8445200362274893,0.04824737468595235,0.8500915833418059,0.0465738585410139,0.8000706096282654,0.05861672638095739,0.9738047210528198,0.013855453780787647,0.9157037844189182,0.044165505189255605,0.888610224191619,1.0,1.0,0.14051412440165834,0.1499084166581941
XGB-dart,XGB-dart_R1_lr0.05_md6_n400_lam1_pca8,"{'model__learning_rate': 0.05, 'model__max_depth': 6, 'model__n_estimators': 400, 'model__reg_lambda': 1, 'pca__n_components': 8}",0.8868860948402251,0.04199962138475195,0.9063787876456704,0.03330365350339654,0.8599965821116978,0.04520794154600884,0.8740719215150996,0.04303023240950258,0.838458378611293,0.05917333768474069,0.9799180387477824,0.010816066386460235,0.9391399686802135,0.03199458705759196,0.9108136931669866,1.0,1.0,0.11311390515977493,0.1259280784849004
XGB-dart,XGB-dart_R1_lr0.05_md6_n400_lam1_pca12,"{'model__learning_rate': 0.05, 'model__max_depth': 6, 'model__n_estimators': 400, 'model__reg_lambda': 1, 'pca__n_components': 12}",0.8880012324955141,0.03244521629049465,0.9077908070130981,0.03168059845143466,0.8609008139553197,0.03867746820445032,0.8755968846398815,0.03887462170642611,0.8399687727400437,0.045444879273666416,0.9825177672436235,0.008351429346381075,0.943611687027242,0.028159140982776172,0.9130643193457151,1.0,1.0,0.1119987675044859,0.1244031153601185
XGB-dart,XGB-dart_R1_lr0.05_md6_n400_lam10_pca3,"{'model__learning_rate': 0.05, 'model__max_depth': 6, 'model__n_estimators': 400, 'model__reg_lambda': 10, 'pca__n_components': 3}",0.7260760399438926,0.05028812318999006,0.7582386335501567,0.06912811077417313,0.6942233919339597,0.049243637298310716,0.7031561595940443,0.06008086828717655,0.6087073765986047,0.06870489280315892,0.930334182449978,0.02019608817020004,0.7890331022361738,0.07639707588148707,0.7655143167098402,0.9639759909953558,0.9652483715972595,0.23789995105146322,0.2620922120032152
XGB-dart,XGB-dart_R1_lr0.05_md6_n400_lam10_pca5,"{'model__learning_rate': 0.05, 'model__max_depth': 6, 'model__n_estimators': 400, 'model__reg_lambda': 10, 'pca__n_components': 5}",0.8586366447754236,0.0459543351180735,0.8784770841975776,0.0350618590169081,0.8389230344487721,0.05751188432064635,0.848937079266045,0.049932595030737194,0.7984245464919436,0.06450116808552914,0.9737289605946096,0.01417874222465788,0.9187494400823762,0.04182341215097439,0.888966264198131,0.9997599814450094,0.999735609545354,0.14112333666958587,0.150798530279309
XGB-dart,XGB-dart_R1_lr0.05_md6_n400_lam10_pca8,"{'model__learning_rate': 0.05, 'model__max_depth': 6, 'model__n_estimators': 400, 'model__reg_lambda': 10, 'pca__n_components': 8}",0.8849502405909337,0.038389777167681084,0.9052134641702458,0.03219169200446848,0.8556867056586054,0.04709148668712497,0.8703532576391323,0.0442760004188513,0.8354018662118138,0.05396654209121164,0.979076402729438,0.011137434075239915,0.9349154657727812,0.03494180975693012,0.9076565521726069,1.0,1.0,0.11504975940906625,0.1296467423608677
XGB-dart,XGB-dart_R1_lr0.05_md6_n400_lam10_pca12,"{'model__learning_rate': 0.05, 'model__max_depth': 6, 'model__n_estimators': 400, 'model__reg_lambda': 10, 'pca__n_components': 12}",0.8913766518131514,0.0351860137672525,0.9109988236671931,0.03381444790493218,0.8635140240474124,0.0428682182801482,0.8777499864968485,0.04160086434934906,0.8447197245146837,0.0493148293423278,0.981987295418743,0.007847721446758191,0.9423926134691388,0.028509134174651556,0.9141674874077764,1.0,1.0,0.1086233481868486,0.12225001350315146
XGB-dart,XGB-dart_R1_lr0.1_md3_n200_lam1_pca3,"{'model__learning_rate': 0.1, 'model__max_depth': 3, 'model__n_estimators': 200, 'model__reg_lambda': 1, 'pca__n_components': 3}",0.7218997208684172,0.04657018948837195,0.7512310621504643,0.05863666821202753,0.6984019031731901,0.04677607016782444,0.7054512063445525,0.058598852943707626,0.6024078897073808,0.06424053115900162,0.9286585240818874,0.02218667167770326,0.782424559359246,0.07804471878753984,0.7630265701858296,0.9155839648788678,0.9211689444173805,0.1936842440104506,0.215717738072828
XGB-dart,XGB-dart_R1_lr0.1_md3_n200_lam1_pca5,"{'model__learning_rate': 0.1, 'model__max_depth': 3, 'model__n_estimators': 200, 'model__reg_lambda': 1, 'pca__n_components': 5}",0.8281883228550452,0.04131451780283613,0.8495038995115376,0.037838467467746835,0.8203393150506184,0.05145698025164518,0.8263962443863466,0.04183056569572279,0.7550100959920284,0.05950915431836908,0.9604286750951354,0.018111116462382847,0.8939464031072937,0.045413039459214516,0.8659492318298848,0.983646734158107,0.9849838783687256,0.15545841130306182,0.15858763398237896
XGB-dart,XGB-dart_R1_lr0.1_md3_n200_lam1_pca8,"{'model__learning_rate': 0.1, 'model__max_depth': 3, 'model__n_estimators': 200, 'model__reg_lambda': 1, 'pca__n_components': 8}",0.848961229419524,0.04780986307348346,0.8707833903272115,0.03615282069931254,0.8284225463976052,0.0529553858440918,0.8416407287653511,0.04814866956441251,0.7836871249759809,0.06830692639495212,0.9693616889896235,0.01678080167547151,0.91013390179447,0.04415439783299398,0.8812060643492705,0.9908263347560139,0.9927754676826396,0.14186510533648988,0.15113473891728846
XGB-dart,XGB-dart_R1_lr0.1_md3_n200_lam1_pca12,"{'model__learning_rate': 0.1, 'model__max_depth': 3, 'model__n_estimators': 200, 'model__reg_lambda': 1, 'pca__n_components': 12}",0.8626764077672788,0.042142857559678705,0.8838803613634149,0.03876202718181419,0.8412811954898214,0.04873984142116026,0.8543420154945391,0.04637264523263713,0.803771268580103,0.05987791885407277,0.974191707306802,0.013228153522741853,0.9189383238786073,0.04217981945530766,0.891721991221066,0.9924592669360534,0.9941319146390626,0.12978285916877452,0.13978989914452344
XGB-dart,XGB-dart_R1_lr0.1_md3_n200_lam10_pca3,"{'model__learning_rate': 0.1, 'model__max_depth': 3, 'model__n_estimators': 200, 'model__reg_lambda': 10, 'pca__n_components': 3}",0.728739228274366,0.0480470367676189,0.759703844811552,0.0661855376303501,0.7113196696081087,0.04743931379732933,0.7184599426959976,0.06219131719470342,0.6118585434986201,0.06689683748246579,0.9296517378595499,0.022748484731499166,0.7865184891996241,0.07896453755053556,0.7703025678816439,0.9091222166068288,0.9149377969589942,0.1803829883324628,0.1964778542629967
XGB-dart,XGB-dart_R1_lr0.1_md3_n200_lam10_pca5,"{'model__learning_rate': 0.1, 'model__max_depth': 3, 'model__n_estimators': 200, 'model__reg_lambda': 10, 'pca__n_components': 5}",0.8277013319072937,0.043880413151951736,0.844901498547447,0.04607049157323266,0.8226901251914496,0.05487338611243976,0.826339475060886,0.04717255479275231,0.7544023530940194,0.06289654162662185,0.9602397220748438,0.017993068816963737,0.8923831215773113,0.045622754190951256,0.865307924395069,0.9803565376413147,0.9817880752687665,0.15265520573402103,0.15544860020788054
XGB-dart,XGB-dart_R1_lr0.1_md3_n200_lam10_pca8,"{'model__learning_rate': 0.1, 'model__max_depth': 3, 'model__n_estimators': 200, 'model__reg_lambda': 10, 'pca__n_components': 8}",0.84473666910752,0.04551906344647021,0.8646519183102932,0.03818015596819568,0.8266797065374163,0.04870503926281616,0.83619231026567,0.04302488863250859,0.7780421268820681,0.06447630412572801,0.9682273783779781,0.015504683383288562,0.9080644615201541,0.040511416480555534,0.8777592784089526,0.9880169390342735,0.990517425593284,0.14328026992675347,0.15432511532761406
XGB-dart,XGB-dart_R1_lr0.1_md3_n200_lam10_pca12,"{'model__learning_rate': 0.1, 'model__max_depth': 3, 'model__n_estimators': 200, 'model__reg_lambda': 10, 'pca__n_components': 12}",0.8606892179167269,0.04664198483291695,0.8763396642253058,0.04437755184851914,0.8408730801018379,0.04773648340844115,0.8498718498987008,0.045282850699169416,0.8010223535585641,0.06621628477898263,0.9738349128331041,0.013641185026046068,0.9198858636876217,0.04068734749204473,0.8900896301218681,0.9905862931047758,0.9927494674808701,0.12989707518804883,0.14287761758216933
XGB-dart,XGB-dart_R1_lr0.1_md3_n400_lam1_pca3,"{'model__learning_rate': 0.1, 'model__max_depth': 3, 'model__n_estimators': 400, 'model__reg_lambda': 1, 'pca__n_components': 3}",0.7255867076019954,0.046806948247315565,0.7557370783597579,0.06076449886789857,0.7031885130070862,0.041552438113945316,0.7094885275775231,0.054256515202938185,0.6081439472302833,0.06425720571297945,0.9280620442295,0.02312468113797759,0.7830116675915038,0.07638058005832268,0.7655240562613894,0.9441143776125818,0.9468462694377093,0.21852767001058637,0.2373577418601862
XGB-dart,XGB-dart_R1_lr0.1_md3_n400_lam1_pca5,"{'model__learning_rate': 0.1, 'model__max_depth': 3, 'model__n_estimators': 400, 'model__reg_lambda': 1, 'pca__n_components': 5}",0.8369062605915986,0.03582211472083484,0.8499552060969385,0.03944203909871678,0.826983694668796,0.04640980315482118,0.8307546360115197,0.03796849979779647,0.7664356523871543,0.05210187791465359,0.9660526501100012,0.015581386007895555,0.9033096311409222,0.040378066129100436,0.8724273644486731,0.9973349162763187,0.9974245533651507,0.1604286556847201,0.16666991735363101
XGB-dart,XGB-dart_R1_lr0.1_md3_n400_lam1_pca8,"{'model__learning_rate': 0.1, 'model__max_depth': 3, 'model__n_estimators': 400, 'model__reg_lambda': 1, 'pca__n_components': 8}",0.8631441967662916,0.03987046122831538,0.8730527910765232,0.04050949699229264,0.841112331389658,0.046409081305284317,0.850147510539305,0.04305574753370777,0.8036917315753691,0.05688246563706107,0.9745148315896435,0.013206549267868236,0.9198694560364686,0.045256286330518675,0.8906209441211527,0.9996158976723318,0.9997231547338477,0.13647170090604022,0.1495756441945426
XGB-dart,XGB-dart_R1_lr0.1_md3_n400_lam1_pca12,"{'model__learning_rate': 0.1, 'model__max_depth': 3, 'model__n_estimators': 400, 'model__reg_lambda': 1, 'pca__n_components': 12}",0.8810934377668899,0.03466720835394525,0.8974754662656454,0.03008640104052331,0.8618632858385078,0.03668747318370926,0.873047526440829,0.035550489662751546,0.829955027723637,0.04867041937371217,0.9804204647218617,0.009814762408174988,0.9349068397607645,0.034830837464164446,0.9076439600211375,0.9996879554046518,0.9997827824682683,0.11859451763776196,0.1267352560274394
XGB-dart,XGB-dart_R1_lr0.1_md3_n400_lam10_pca3,"{'model__learning_rate': 0.1, 'model__max_depth': 3, 'model__n_estimators': 400, 'model__reg_lambda': 10, 'pca__n_components': 3}",0.7271268996830947,0.04756511058913612,0.7583408275388855,0.06230405731180064,0.7118682053464489,0.04115266181651719,0.7179783781356112,0.054567866891285524,0.610575539958371,0.06512618450700859,0.9295148699096366,0.024232425721472894,0.7852041790505173,0.07777289676352128,0.7694901090551047,0.9355160688987997,0.9385298966730066,0.20838916921570494,0.2205515185373954
XGB-dart,XGB-dart_R1_lr0.1_md3_n400_lam10_pca5,"{'model__learning_rate': 0.1, 'model__max_depth': 3, 'model__n_estimators': 400, 'model__reg_lambda': 10, 'pca__n_components': 5}",0.8382826859969619,0.045383878652902214,0.8555155236135287,0.038001673019264263,0.8296988584965395,0.05425254522865849,0.8350987914512039,0.04362215089763746,0.7684549215505476,0.06630909397378576,0.9653347877184659,0.016886654956355617,0.9020526379527427,0.04245839609341509,0.8737929633930733,0.9939008455830051,0.9939937516127337,0.1556181595860432,0.15889496016152982
XGB-dart,XGB-dart_R1_lr0.1_md3_n400_lam10_pca8,"{'model__learning_rate': 0.1, 'model__max_depth': 3, 'model__n_estimators': 400, 'model__reg_lambda': 10, 'pca__n_components': 8}",0.8607641405796475,0.041254650270189826,0.8722364929334028,0.03795093408458618,0.8380598257762525,0.04489484257835649,0.8472482719841071,0.041062512591955085,0.800270611602393,0.0586961824960693,0.973477968922443,0.012813643076323131,0.9188054330357242,0.03918359967664356,0.8887296702736759,0.9987272903283436,0.9990675071478581,0.13796314974869617,0.15181923516375095
XGB-dart,XGB-dart_R1_lr0.1_md3_n400_lam10_pca12,"{'model__learning_rate': 0.1, 'model__max_depth': 3, 'model__n_estimators': 400, 'model__reg_lambda': 10, 'pca__n_components': 12}",0.8791875157618076,0.03718750921954163,0.8964124872256548,0.030753196476912905,0.8580840680885917,0.03979091992105525,0.8702947101945195,0.037231796239479,0.8272889116808191,0.05241700177473632,0.9798239352336292,0.009805753196889302,0.9363638662770521,0.031060888151087523,0.906767677437327,0.9990397757978915,0.9993161821339009,0.11985226003608385,0.1290214719393814
XGB-dart,XGB-dart_R1_lr0.1_md6_n200_lam1_pca3,"{'model__learning_rate': 0.1, 'model__max_depth': 6, 'model__n_estimators': 200, 'model__reg_lambda': 1, 'pca__n_components': 3}",0.7293452376632992,0.049331013954708326,0.7571008614428689,0.07358494004677954,0.7055936979553007,0.043871475635036086,0.712202147337674,0.05562815100299531,0.6141795255643381,0.06644708467432205,0.9295027173912231,0.021934475170748115,0.7874554934039659,0.07955081863555234,0.7689158011746029,0.9777613256701194,0.9792021393566248,0.24841608800682025,0.26699999201895086
XGB-dart,XGB-dart_R1_lr0.1_md6_n200_lam1_pca5,"{'model__learning_rate': 0.1, 'model__max_depth': 6, 'model__n_estimators': 200, 'model__reg_lambda': 1, 'pca__n_components': 5}",0.8588193188467053,0.0419955239036057,0.8692628131952074,0.03673765548821206,0.84265722833052,0.04580723522336775,0.8480008320704113,0.04515656017264337,0.7994222210771105,0.0580836129763949,0.9735199523040905,0.01379189002357299,0.9160786364498807,0.039913279197817404,0.8879301930196158,1.0,1.0,0.14118068115329474,0.15199916792958867
XGB-dart,XGB-dart_R1_lr0.1_md6_n200_lam1_pca8,"{'model__learning_rate': 0.1, 'model__max_depth': 6, 'model__n_estimators': 200, 'model__reg_lambda': 1, 'pca__n_components': 8}",0.885454262907101,0.04213825738264929,0.9033240817366405,0.033582293478625014,0.8585436746172578,0.04168758739264725,0.8721464314924843,0.04139267336583187,0.836390353188891,0.059294601031551195,0.9798106127481138,0.011568548811966319,0.9375525296696328,0.03411704534361099,0.9092980459188542,1.0,1.0,0.11454573709289895,0.12785356850751572
XGB-dart,XGB-dart_R1_lr0.1_md6_n200_lam1_pca12,"{'model__learning_rate': 0.1, 'model__max_depth': 6, 'model__n_estimators': 200, 'model__reg_lambda': 1, 'pca__n_components': 12}",0.88953372862642,0.03218704481305481,0.9101660046082758,0.030577985108785753,0.8619772373581377,0.03812286589504463,0.8769953741573324,0.03785235685066304,0.8420810408881485,0.045150292857783596,0.9825297924723178,0.008675521084580282,0.9442431429184124,0.028336563778542344,0.9140930125066064,1.0,1.0,0.11046627137358,0.12300462584266758
XGB-dart,XGB-dart_R1_lr0.1_md6_n200_lam10_pca3,"{'model__learning_rate': 0.1, 'model__max_depth': 6, 'model__n_estimators': 200, 'model__reg_lambda': 10, 'pca__n_components': 3}",0.7264739410871641,0.05092392761096707,0.7583624318966601,0.06943733842274677,0.6937611093265607,0.04802054508021729,0.7032373503920474,0.05919863914391307,0.6086681931701869,0.0702311874637186,0.9308475528724891,0.02032626869312059,0.7910859316731544,0.0772523839094571,0.7662191262167651,0.9642883825787898,0.9656562838664116,0.23781444149162567,0.2624189334743642
XGB-dart,XGB-dart_R1_lr0.1_md6_n200_lam10_pca5,"{'model__learning_rate': 0.1, 'model__max_depth': 6, 'model__n_estimators': 200, 'model__reg_lambda': 10, 'pca__n_components': 5}",0.860371775452799,0.04568627475321827,0.8808205158628015,0.03491642878451268,0.8407605535579649,0.057173003062961414,0.8505945672945339,0.049532720134289214,0.8009653253006576,0.06413615063036834,0.9745524716137679,0.013685078620543979,0.9199011669484027,0.04210401899510891,0.8903261322977553,0.9997599555384749,0.9997353115270899,0.13938818008567588,0.14914074423255608
XGB-dart,XGB-dart_R1_lr0.1_md6_n200_lam10_pca8,"{'model__learning_rate': 0.1, 'model__max_depth': 6, 'model__n_estimators': 200, 'model__reg_lambda': 10, 'pca__n_components': 8}",0.8881294687381021,0.03826270293884025,0.9080740462388984,0.03305496196212573,0.8573200981504525,0.04549866675555503,0.8727427622254039,0.04379381347914352,0.8399039036701307,0.053809372460736304,0.9791219108272712,0.011911887539962775,0.9352791653511501,0.03553475742666056,0.9093246264705398,0.9999760047990403,0.9999836744742554,0.1118465360609382,0.12724091224885148
XGB-dart,XGB-dart_R1_lr0.1_md6_n200_lam10_pca12,"{'model__learning_rate': 0.1, 'model__max_depth': 6, 'model__n_estimators': 200, 'model__reg_lambda': 10, 'pca__n_components': 12}",0.8896526554959875,0.036522889566180015,0.9100927750077282,0.034940335792427335,0.8612039681563148,0.04425832095907018,0.8755020455640095,0.04309482126427193,0.8423433169326522,0.051159748678232905,0.9818570834179907,0.007876517759092705,0.9424518434885398,0.02907357792392929,0.9130418491729584,1.0,1.0,0.11034734450401251,0.12449795443599054
XGB-dart,XGB-dart_R1_lr0.1_md6_n400_lam1_pca3,"{'model__learning_rate': 0.1, 'model__max_depth': 6, 'model__n_estimators': 400, 'model__reg_lambda': 1, 'pca__n_components': 3}",0.7251347014923049,0.051096627586319616,0.7533296447789498,0.07508692479670524,0.7008831807212668,0.044398679688086404,0.7069963737076028,0.05639659925186851,0.6083801926897029,0.06850715563423647,0.928310930774626,0.020134743763399323,0.7897426310538628,0.0739266466197308,0.766976367035439,0.9959420716752907,0.9966559410130656,0.27080737018298584,0.28965956730546283
XGB-dart,XGB-dart_R1_lr0.1_md6_n400_lam1_pca5,"{'model__learning_rate': 0.1, 'model__max_depth': 6, 'model__n_estimators': 400, 'model__reg_lambda': 1, 'pca__n_components': 5}",0.8606533287083709,0.04242553504134306,0.8718187932122058,0.0363931349832622,0.8461254346938327,0.04667192013756039,0.8511353876800364,0.045088901688032534,0.8021186341859442,0.05868673372109644,0.9738346594938505,0.01312391447602747,0.9169819700187555,0.03919248011822402,0.8897255582639213,1.0,1.0,0.13934667129162914,0.14886461231996362
XGB-dart,XGB-dart_R1_lr0.1_md6_n400_lam1_pca8,"{'model__learning_rate': 0.1, 'model__max_depth': 6, 'model__n_estimators': 400, 'model__reg_lambda': 1, 'pca__n_components': 8}",0.8884255149628558,0.04002876018414778,0.9076853401141601,0.03287690328052364,0.8672480458105252,0.03785990602751528,0.8788309930477114,0.03857046677789874,0.8407004199622496,0.05612218869132024,0.9806969860393966,0.010468331437551015,0.940081603211185,0.03095420111715352,0.9130876020800072,1.0,1.0,0.11157448503714418,0.1211690069522886
XGB-dart,XGB-dart_R1_lr0.1_md6_n400_lam1_pca12,"{'model__learning_rate': 0.1, 'model__max_depth': 6, 'model__n_estimators': 400, 'model__reg_lambda': 1, 'pca__n_components': 12}",0.8930945821309472,0.03144150032327557,0.9132063300935686,0.029030416292143504,0.867923223463165,0.034520634771342366,0.8823561173947185,0.034652160191861084,0.847189279062287,0.043963998495744915,0.9838045831852531,0.007286115919204059,0.9482136547906542,0.025264824173563398,0.9180548039055054,1.0,1.0,0.10690541786905283,0.11764388260528147
XGB-dart,XGB-dart_R1_lr0.1_md6_n400_lam10_pca3,"{'model__learning_rate': 0.1, 'model__max_depth': 6, 'model__n_estimators': 400, 'model__reg_lambda': 10, 'pca__n_components': 3}",0.7240744258024049,0.049602766442918736,0.7550003607797657,0.07082175912290373,0.6918079019298083,0.04848952906759015,0.6999967001028271,0.05832824891553362,0.605994564583354,0.06748929035676905,0.9297432064705115,0.0195146669571826,0.7871330733551875,0.07549084560462894,0.7633756852498972,0.9815806979869304,0.9825853703049641,0.2575062721845255,0.28258867020213696
XGB-dart,XGB-dart_R1_lr0.1_md6_n400_lam10_pca5,"{'model__learning_rate': 0.1, 'model__max_depth': 6, 'model__n_estimators': 400, 'model__reg_lambda': 10, 'pca__n_components': 5}",0.862207505078084,0.045939715449723174,0.8800730242303443,0.03781888897624017,0.8446691018395773,0.05686163738071046,0.8525256375806194,0.04923402572103265,0.8038671241071913,0.0644646264916991,0.9751322736544346,0.013274433741302914,0.9216250183275039,0.04061603233351346,0.8920280726539064,1.0,1.0,0.13779249492191603,0.1474743624193806
XGB-dart,XGB-dart_R1_lr0.1_md6_n400_lam10_pca8,"{'model__learning_rate': 0.1, 'model__max_depth': 6, 'model__n_estimators': 400, 'model__reg_lambda': 10, 'pca__n_components': 8}",0.8908242223527167,0.03876379240741469,0.9095205252788692,0.03312008092011863,0.8611959682019557,0.04618862286679457,0.8757093592791085,0.04383254006003746,0.8439077617441153,0.054533392009405136,0.9803744591415228,0.010836618817112353,0.9391494688777777,0.0328772008433668,0.9122709030096479,1.0,1.0,0.10917577764728326,0.12429064072089147
XGB-dart,XGB-dart_R1_lr0.1_md6_n400_lam10_pca12,"{'model__learning_rate': 0.1, 'model__max_depth': 6, 'model__n_estimators': 400, 'model__reg_lambda': 10, 'pca__n_components': 12}",0.8915871407530996,0.037488314499143444,0.9109846082604163,0.03620958828174488,0.8635655566790646,0.04336354638373782,0.877504567630219,0.042334608194786044,0.8450884356709437,0.05268810089455415,0.9833550720640677,0.0065725399189716215,0.9473014409780612,0.025458787766115015,0.9157834088145841,1.0,1.0,0.10841285924690036,0.122495432369781
XGB-dart,XGB-dart_R1_lr0.3_md3_n200_lam1_pca3,"{'model__learning_rate': 0.3, 'model__max_depth': 3, 'model__n_estimators': 200, 'model__reg_lambda': 1, 'pca__n_components': 3}",0.7248491551890848,0.0528698846082859,0.7530489593341854,0.06521620860013023,0.6989058560926387,0.04849462108501181,0.7048385942878079,0.059116985728877094,0.6078156661384708,0.07223340247339957,0.927532063925969,0.022459690535417843,0.7780786243912111,0.0772923914098139,0.7622750172494182,0.9595333231853325,0.9617969854647155,0.2346841679962477,0.25695839117690755
XGB-dart,XGB-dart_R1_lr0.3_md3_n200_lam1_pca5,"{'model__learning_rate': 0.3, 'model__max_depth': 3, 'model__n_estimators': 200, 'model__reg_lambda': 1, 'pca__n_components': 5}",0.8481689997557581,0.04486107755629622,0.8520603119553639,0.05097457045135445,0.8410167572774114,0.055931142097469896,0.8386003492859005,0.05000733411371935,0.7834154250563017,0.06460164654917203,0.9685113913681619,0.01567316264402939,0.9113186688892954,0.037492379424218396,0.8805422435677822,0.9997839278429218,0.9997729846989556,0.1516149280871637,0.16117263541305504
XGB-dart,XGB-dart_R1_lr0.3_md3_n200_lam1_pca8,"{'model__learning_rate': 0.3, 'model__max_depth': 3, 'model__n_estimators': 200, 'model__reg_lambda': 1, 'pca__n_components': 8}",0.8743844090546983,0.03896536376771725,0.8863259899830476,0.03244571874229008,0.860387600204694,0.042010300976654646,0.8679876652371593,0.034603310335029794,0.8199296502685494,0.0552950960431255,0.9763994106309397,0.01125199806664236,0.9265509305800304,0.036913886255458175,0.9015011403171549,1.0,1.0,0.12561559094530172,0.1320123347628407
XGB-dart,XGB-dart_R1_lr0.3_md3_n200_lam1_pca12,"{'model__learning_rate': 0.3, 'model__max_depth': 3, 'model__n_estimators': 200, 'model__reg_lambda': 1, 'pca__n_components': 12}",0.8884711393168567,0.030488630749228467,0.9014139056776065,0.03127056836841488,0.8744937178003644,0.035704808074666916,0.8829538266056547,0.03243787448565817,0.8409926132080858,0.04234490201311338,0.9817735333861959,0.008657255100732026,0.9417078617619614,0.030055478991374524,0.915052664990553,1.0,1.0,0.11152886068314327,0.11704617339434531
XGB-dart,XGB-dart_R1_lr0.3_md3_n200_lam10_pca3,"{'model__learning_rate': 0.3, 'model__max_depth': 3, 'model__n_estimators': 200, 'model__reg_lambda': 10, 'pca__n_components': 3}",0.7248362934205165,0.050953143774642544,0.7543807837341333,0.06489945542936501,0.7138428933761655,0.045223790975376266,0.717680206371114,0.05742566690211441,0.607430920901127,0.0705285843859356,0.9297270870655684,0.02278454581327311,0.7859031542127198,0.07795484845964855,0.7690996070114657,0.9474776989395213,0.9498798555078196,0.2226414055190048,0.23219964913670565
XGB-dart,XGB-dart_R1_lr0.3_md3_n200_lam10_pca5,"{'model__learning_rate': 0.3, 'model__max_depth': 3, 'model__n_estimators': 200, 'model__reg_lambda': 10, 'pca__n_components': 5}",0.8466278523291269,0.04281675893783807,0.8699506888590813,0.03186515135238019,0.8402864511201384,0.05471045423073329,0.84855157289069,0.043850797191408046,0.7803647925275596,0.06235630688784476,0.9667579693411801,0.016067338879578855,0.9048905443170646,0.04050665380538906,0.8812081711571782,0.9981027830146287,0.9979931101923929,0.15147493068550189,0.14944153730170284
XGB-dart,XGB-dart_R1_lr0.3_md3_n200_lam10_pca8,"{'model__learning_rate': 0.3, 'model__max_depth': 3, 'model__n_estimators': 200, 'model__reg_lambda': 10, 'pca__n_components': 8}",0.8678708584729042,0.044627807231106535,0.8821015478052932,0.03363793749225615,0.851485850274128,0.045555358667133665,0.8599494012957141,0.03755339833051427,0.810533761445177,0.06347423810310393,0.975456005558736,0.01172437968120309,0.9257471261661033,0.03464954943434903,0.8969878027281353,0.9998559768358406,0.9999024021188495,0.13198511836293636,0.13995300082313544
XGB-dart,XGB-dart_R1_lr0.3_md3_n200_lam10_pca12,"{'model__learning_rate': 0.3, 'model__max_depth': 3, 'model__n_estimators': 200, 'model__reg_lambda': 10, 'pca__n_components': 12}",0.8830999552337166,0.030730554822963347,0.902231397400017,0.025506456306019703,0.8647552528572134,0.03180049420425229,0.8774920677863124,0.029353458130776985,0.8329962625719606,0.043191378121971234,0.9812966707051798,0.008177452412591654,0.9408260655193711,0.026677668238525968,0.9116054215305547,1.0,1.0,0.11690004476628335,0.12250793221368761
XGB-dart,XGB-dart_R1_lr0.3_md3_n400_lam1_pca3,"{'model__learning_rate': 0.3, 'model__max_depth': 3, 'model__n_estimators': 400, 'model__reg_lambda': 1, 'pca__n_components': 3}",0.7207256528694548,0.052935562139740724,0.7452928685205524,0.0645095952608553,0.691490258872685,0.04985431409143062,0.6958209224179754,0.05871215916625937,0.6026455765469978,0.07100909564596505,0.9249335989212032,0.02129263516353493,0.7755784163091508,0.07718947950681057,0.7575740423335416,0.9821559256524116,0.9838615686573094,0.26143027278295683,0.288040646239334
XGB-dart,XGB-dart_R1_lr0.3_md3_n400_lam1_pca5,"{'model__learning_rate': 0.3, 'model__max_depth': 3, 'model__n_estimators': 400, 'model__reg_lambda': 1, 'pca__n_components': 5}",0.854130981196829,0.04794946336946551,0.8651011287527423,0.04444267387734614,0.8486847904126253,0.06188671228499234,0.8498919699386228,0.05142984439233181,0.7922398591099439,0.06888418694397747,0.9697591282404157,0.015302811912156999,0.9145755367224992,0.038503785634191,0.886862478738698,1.0,1.0,0.14586901880317105,0.15010803006137718
XGB-dart,XGB-dart_R1_lr0.3_md3_n400_lam1_pca8,"{'model__learning_rate': 0.3, 'model__max_depth': 3, 'model__n_estimators': 400, 'model__reg_lambda': 1, 'pca__n_components': 8}",0.8844685160320926,0.03851637509855547,0.8973133493164083,0.0341746470905575,0.8718664057808931,0.04144310621651824,0.8798714580508307,0.03655803443343964,0.8348190721759081,0.05423655683880097,0.978400003460761,0.01047470875146953,0.9320665481784914,0.03489682874957731,0.9097825141057587,1.0,1.0,0.11553148396790736,0.12012854194916933
XGB-dart,XGB-dart_R1_lr0.3_md3_n400_lam1_pca12,"{'model__learning_rate': 0.3, 'model__max_depth': 3, 'model__n_estimators': 400, 'model__reg_lambda': 1, 'pca__n_components': 12}",0.8928909004800974,0.02777197594396471,0.9057850395350817,0.029277109840681475,0.8847329613787291,0.025215126050182016,0.8906856388930914,0.02531271994599638,0.847350296902999,0.038342403158892036,0.9836261186490944,0.007103132095136651,0.9478917666570968,0.024811404329582537,0.9207508513338959,1.0,1.0,0.10710909951990255,0.10931436110690862
XGB-dart,XGB-dart_R1_lr0.3_md3_n400_lam10_pca3,"{'model__learning_rate': 0.3, 'model__max_depth': 3, 'model__n_estimators': 400, 'model__reg_lambda': 10, 'pca__n_components': 3}",0.7249546620858299,0.0547538571580949,0.7552381582027061,0.0677841998465003,0.7136093132886787,0.048541077224239025,0.7178342540652494,0.0600650575553503,0.60804063060732,0.07560797542765416,0.9279181246730278,0.022738947665177187,0.7817913937629563,0.07815366860200593,0.7678819877106219,0.9667374195949272,0.9687480011754335,0.24178275750909728,0.2509137471101841
XGB-dart,XGB-dart_R1_lr0.3_md3_n400_lam10_pca5,"{'model__learning_rate': 0.3, 'model__max_depth': 3, 'model__n_estimators': 400, 'model__reg_lambda': 10, 'pca__n_components': 5}",0.8493305762618931,0.04684486236189069,0.8681733570428317,0.03998005580889779,0.8440484254788645,0.058606344816070514,0.8494289088337128,0.048909664670734154,0.785140889735363,0.0672250016405076,0.9681794038162647,0.016183831823187743,0.9084658205832886,0.04001382944907558,0.8834883914282275,0.9999759932781178,0.9999676840134135,0.1506454170162247,0.1505387751797007
XGB-dart,XGB-dart_R1_lr0.3_md3_n400_lam10_pca8,"{'model__learning_rate': 0.3, 'model__max_depth': 3, 'model__n_estimators': 400, 'model__reg_lambda': 10, 'pca__n_components': 8}",0.875350874724153,0.042573911775751046,0.8937350911581335,0.02914557363888181,0.8599614176387693,0.04762719008083586,0.8708209078404826,0.039511552103350514,0.8213273344065621,0.06054389475576328,0.9774407815935076,0.010309690382119284,0.9307309353512917,0.03193546512534074,0.9040718367983517,1.0,1.0,0.12464912527584704,0.1291790921595174
XGB-dart,XGB-dart_R1_lr0.3_md3_n400_lam10_pca12,"{'model__learning_rate': 0.3, 'model__max_depth': 3, 'model__n_estimators': 400, 'model__reg_lambda': 10, 'pca__n_components': 12}",0.8917489389943469,0.03028497242031226,0.9086179373528571,0.024087970042897578,0.8818500985783869,0.025900135053072412,0.8905551005806529,0.02427138421262148,0.8453061597803885,0.04261075928259644,0.9828621863167053,0.006618330161494988,0.9460934824700967,0.022713339889072287,0.9197672209803146,1.0,1.0,0.10825106100565307,0.1094448994193471
XGB-dart,XGB-dart_R1_lr0.3_md6_n200_lam1_pca3,"{'model__learning_rate': 0.3, 'model__max_depth': 6, 'model__n_estimators': 200, 'model__reg_lambda': 1, 'pca__n_components': 3}",0.7251207006417598,0.050372420169076795,0.7524108841816732,0.07457411638260214,0.6980113364163772,0.04874504555315872,0.7050916054430014,0.05837972118060777,0.6078882632373601,0.06827247014318591,0.9264048130382301,0.02023589299645496,0.7923188175764548,0.06865545111718573,0.7671181848793788,0.9996157767897775,0.9996961092467558,0.2744950761480177,0.29460450380375436
XGB-dart,XGB-dart_R1_lr0.3_md6_n200_lam1_pca5,"{'model__learning_rate': 0.3, 'model__max_depth': 6, 'model__n_estimators': 200, 'model__reg_lambda': 1, 'pca__n_components': 5}",0.8626825558053002,0.04334589323160276,0.8681544362894578,0.03820267208092405,0.8596660811517914,0.055352409292551794,0.8575306716168288,0.0450374171007882,0.8052761462708992,0.06032740005197348,0.9747561765127667,0.013135747234553775,0.9226780709741984,0.03636835854347639,0.8942822719088256,1.0,1.0,0.13731744419469982,0.14246932838317117
XGB-dart,XGB-dart_R1_lr0.3_md6_n200_lam1_pca8,"{'model__learning_rate': 0.3, 'model__max_depth': 6, 'model__n_estimators': 200, 'model__reg_lambda': 1, 'pca__n_components': 8}",0.8890122872049588,0.04215580549955497,0.906792864716517,0.035300458189227044,0.8772892541837416,0.04262055204948067,0.8873131605661145,0.03803350208600538,0.8413347707386768,0.05967286152947181,0.9810517027527155,0.009511984307164635,0.945114624470504,0.025039714402859927,0.917698390135319,1.0,1.0,0.11098771279504116,0.11268683943388547
XGB-dart,XGB-dart_R1_lr0.3_md6_n200_lam1_pca12,"{'model__learning_rate': 0.3, 'model__max_depth': 6, 'model__n_estimators': 200, 'model__reg_lambda': 1, 'pca__n_components': 12}",0.8956040103319209,0.03267794990345665,0.9091882770857496,0.03288214713081481,0.8827947073911396,0.03441767652850251,0.8913019749154815,0.030922254154938794,0.851012151802259,0.04561429389213036,0.9844852247536885,0.006303058656700996,0.9511426612928908,0.020401549921146286,0.922650237369834,1.0,1.0,0.10439598966807906,0.10869802508451853
XGB-dart,XGB-dart_R1_lr0.3_md6_n200_lam10_pca3,"{'model__learning_rate': 0.3, 'model__max_depth': 6, 'model__n_estimators': 200, 'model__reg_lambda': 10, 'pca__n_components': 3}",0.7241667108109567,0.048162161758310194,0.7536189958528677,0.06965877519079124,0.6991482424547426,0.043525422601543774,0.7063509988326482,0.05725798718692935,0.6067729343235502,0.06433713497867705,0.9282162330979645,0.01844913631049592,0.7834815854999242,0.07221642128280652,0.7644063504981159,0.9919551621562528,0.992776924378564,0.26778845134529605,0.28642592554591584
XGB-dart,XGB-dart_R1_lr0.3_md6_n200_lam10_pca5,"{'model__learning_rate': 0.3, 'model__max_depth': 6, 'model__n_estimators': 200, 'model__reg_lambda': 10, 'pca__n_components': 5}",0.8658700768320553,0.04709537071046831,0.8821966673852122,0.04049238667589741,0.8514539401759189,0.05721390759678554,0.8589324527724734,0.04934245099033677,0.8088430340192202,0.0664611846663537,0.9749987863276572,0.013495871465837542,0.924884362521402,0.03692289790413849,0.8960794441011618,1.0,1.0,0.1341299231679447,0.14106754722752657
XGB-dart,XGB-dart_R1_lr0.3_md6_n200_lam10_pca8,"{'model__learning_rate': 0.3, 'model__max_depth': 6, 'model__n_estimators': 200, 'model__reg_lambda': 10, 'pca__n_components': 8}",0.8912070063117123,0.037732734465360226,0.9096484645385239,0.03461092507254734,0.8641998458588015,0.045272412647979765,0.8777011348405391,0.042901004492868856,0.8443136501263735,0.053313155567633004,0.9814854361101316,0.009294331271972926,0.9426447919073141,0.029191770042406348,0.9141675839370134,1.0,1.0,0.10879299368828765,0.12229886515946087
XGB-dart,XGB-dart_R1_lr0.3_md6_n200_lam10_pca12,"{'model__learning_rate': 0.3, 'model__max_depth': 6, 'model__n_estimators': 200, 'model__reg_lambda': 10, 'pca__n_components': 12}",0.8941931042878644,0.03820771081885489,0.9120012195111471,0.03606986282987002,0.8724497657801299,0.03800439954831431,0.8852193014222692,0.03691346434348211,0.8489567868722162,0.0535414822279975,0.9838300980780597,0.006623580200156983,0.9507299509433885,0.023059392371907697,0.9201425486005886,1.0,1.0,0.10580689571213564,0.11478069857773077
XGB-dart,XGB-dart_R1_lr0.3_md6_n400_lam1_pca3,"{'model__learning_rate': 0.3, 'model__max_depth': 6, 'model__n_estimators': 400, 'model__reg_lambda': 1, 'pca__n_components': 3}",0.7265598642468796,0.050839410186303606,0.7535989551246491,0.07342713015969596,0.7006709804259603,0.049323577211181115,0.7071087150705028,0.05810165538809375,0.6099824497269303,0.06907179164846848,0.924510330046593,0.018957625082276736,0.7897303744406158,0.06502969780338054,0.7672767714581946,0.9998558671896604,0.9998590624223702,0.2732960029427808,0.29275034735186745
XGB-dart,XGB-dart_R1_lr0.3_md6_n400_lam1_pca5,"{'model__learning_rate': 0.3, 'model__max_depth': 6, 'model__n_estimators': 400, 'model__reg_lambda': 1, 'pca__n_components': 5}",0.862502926900549,0.04380026921901903,0.8678062628757732,0.03728758400916057,0.8606711145291829,0.05586839537906947,0.8578506208300164,0.04477482460618976,0.805046045951614,0.060806163609470235,0.9748631848750783,0.01315201416875252,0.9226418022328726,0.03602103211363616,0.8943384820128987,1.0,1.0,0.13749707309945103,0.1421493791699836
XGB-dart,XGB-dart_R1_lr0.3_md6_n400_lam1_pca8,"{'model__learning_rate': 0.3, 'model__max_depth': 6, 'model__n_estimators': 400, 'model__reg_lambda': 1, 'pca__n_components': 8}",0.8904495167072071,0.040910367007740304,0.9081634089994222,0.03430282051270247,0.8803983891203888,0.042126037513678175,0.8897361186203853,0.03721983379248819,0.8434835316898157,0.057663432985535945,0.9810037339325879,0.009254027148729277,0.9445962531538041,0.024532725752338728,0.9186913792063658,1.0,1.0,0.10955048329279293,0.11026388137961474
XGB-dart,XGB-dart_R1_lr0.3_md6_n400_lam1_pca12,"{'model__learning_rate': 0.3, 'model__max_depth': 6, 'model__n_estimators': 400, 'model__reg_lambda': 1, 'pca__n_components': 12}",0.8979082968127159,0.03214098092039139,0.9113837439624648,0.0315300144251073,0.8848153482549197,0.03381685631906884,0.8934046393358701,0.030154746931823333,0.8543982284850011,0.04473530920163123,0.9843589448808592,0.005968258398568429,0.9519338818599714,0.019573269623780434,0.9241792118127806,1.0,1.0,0.10209170318728411,0.10659536066412989
XGB-dart,XGB-dart_R1_lr0.3_md6_n400_lam10_pca3,"{'model__learning_rate': 0.3, 'model__max_depth': 6, 'model__n_estimators': 400, 'model__reg_lambda': 10, 'pca__n_components': 3}",0.7220419632191669,0.047237525735282844,0.7502087726266653,0.0694987856818201,0.6929756695668076,0.04602606553904455,0.6992233008988433,0.05627572787433978,0.6040681138447977,0.06262638053184948,0.9257681426890395,0.017776798757877608,0.7801963693252779,0.07044195869877984,0.7604845757155068,0.9993279147611729,0.9994685031839243,0.27728595154200597,0.300245202285081
XGB-dart,XGB-dart_R1_lr0.3_md6_n400_lam10_pca5,"{'model__learning_rate': 0.3, 'model__max_depth': 6, 'model__n_estimators': 400, 'model__reg_lambda': 10, 'pca__n_components': 5}",0.8672239680819885,0.047079844371858144,0.8850004547936118,0.04053464027452963,0.8568639521522854,0.05241274909574888,0.8636557742620564,0.0462361868055884,0.8109071473755494,0.06627867606350064,0.9748999720921099,0.012866232330308524,0.9251932471497663,0.035770750994254016,0.8981008650331991,1.0,1.0,0.13277603191801146,0.13634422573794358
XGB-dart,XGB-dart_R1_lr0.3_md6_n400_lam10_pca8,"{'model__learning_rate': 0.3, 'model__max_depth': 6, 'model__n_estimators': 400, 'model__reg_lambda': 10, 'pca__n_components': 8}",0.8920782259347628,0.03862123502639445,0.9114046646262526,0.03484761154438172,0.8683411499918083,0.042904569760953123,0.8820184901727158,0.04037681586780491,0.8455586749674717,0.05465493931326517,0.981795747394089,0.008884202836112406,0.9437972577413174,0.027566072172628443,0.9161983617992563,1.0,1.0,0.10792177406523717,0.11798150982728417
XGB-dart,XGB-dart_R1_lr0.3_md6_n400_lam10_pca12,"{'model__learning_rate': 0.3, 'model__max_depth': 6, 'model__n_estimators': 400, 'model__reg_lambda': 10, 'pca__n_components': 12}",0.8960130326949358,0.03629261093433027,0.9134117198994451,0.034480730687916704,0.877748309204726,0.03494010237252214,0.889466068561504,0.033982653845451016,0.8516498493705618,0.050704271881924425,0.9843004815525539,0.006099901000284116,0.9521575980216379,0.02173125553517609,0.9224828637561409,1.0,1.0,0.10398696730506418,0.11053393143849599
CatBoost,CatBoost_R1_depth4_it300_l23_lr0.03_pca3,"{'model__depth': 4, 'model__iterations': 300, 'model__l2_leaf_reg': 3, 'model__learning_rate': 0.03, 'pca__n_components': 3}",0.6837672945601667,0.01607634611602821,0.6674954294059633,0.05035128529687162,0.7273557548482754,0.03334932456108463,0.6726208003311761,0.04959325676405773,0.567833035350015,0.014321562075993374,0.9187826440352701,0.01624455026551766,0.7587985160320622,0.06540573157879431,0.7384452780127485,0.8512619466269763,0.8525440072867779,0.16749465206680958,0.17992320695560182
CatBoost,CatBoost_R1_depth4_it300_l23_lr0.03_pca5,"{'model__depth': 4, 'model__iterations': 300, 'model__l2_leaf_reg': 3, 'model__learning_rate': 0.03, 'pca__n_components': 5}",0.8176562840949304,0.02439079996437238,0.7989496987492788,0.04158258145500222,0.8559291989028723,0.019307352682143623,0.8152653661850697,0.03105805652950505,0.7487175824587654,0.02878664947481302,0.9623950070298155,0.018295750796902457,0.8915742932711389,0.04156925343977995,0.8603994835618637,0.9420504482983574,0.9404922410591094,0.12439416420342697,0.12522687487403972
CatBoost,CatBoost_R1_depth4_it300_l23_lr0.03_pca8,"{'model__depth': 4, 'model__iterations': 300, 'model__l2_leaf_reg': 3, 'model__learning_rate': 0.03, 'pca__n_components': 8}",0.8387283922232462,0.038188351521297806,0.8097436693682152,0.055300178396974126,0.8629142912029373,0.02199817212870064,0.8263901164321208,0.04348667545949619,0.7760719288988555,0.04830841924786126,0.9687145888183611,0.01388786920695804,0.911799075975021,0.034253582791374027,0.8754083856188565,0.9570114102651678,0.9599566410856303,0.11828301804192154,0.1335665246535095
CatBoost,CatBoost_R1_depth4_it300_l23_lr0.03_pca12,"{'model__depth': 4, 'model__iterations': 300, 'model__l2_leaf_reg': 3, 'model__learning_rate': 0.03, 'pca__n_components': 12}",0.8521164151941785,0.024531815011806592,0.838265156363476,0.03418891330745822,0.8677715154670587,0.021209062489937935,0.8481168606712408,0.027531628658249454,0.7928672746714823,0.030982947053408927,0.9728892912536603,0.010681110147067331,0.9231793627939698,0.02684427595398188,0.8892432869336506,0.958934400829399,0.9632282103691738,0.10681798563522049,0.11511134969793302
CatBoost,CatBoost_R1_depth4_it300_l23_lr0.05_pca3,"{'model__depth': 4, 'model__iterations': 300, 'model__l2_leaf_reg': 3, 'model__learning_rate': 0.05, 'pca__n_components': 3}",0.7096591583656313,0.02750756775341322,0.6923358094446627,0.05116017810636526,0.7412512970555893,0.04109816608841976,0.6962641747736795,0.04881147989818199,0.59900222728771,0.02895822787553554,0.9308379469112639,0.016012653605610352,0.7846137717771678,0.06881079480068546,0.7601263533982342,0.8758325784450541,0.8830730234108671,0.16617342007942282,0.1868088486371876
CatBoost,CatBoost_R1_depth4_it300_l23_lr0.05_pca5,"{'model__depth': 4, 'model__iterations': 300, 'model__l2_leaf_reg': 3, 'model__learning_rate': 0.05, 'pca__n_components': 5}",0.8389981282585299,0.02765836098847182,0.8203432049447577,0.03860747849758227,0.8673439787877,0.026449443027953302,0.8340902802042995,0.02982212050927438,0.7749679065451998,0.03602806258040235,0.9699490393311206,0.01410741276345547,0.9119395507578449,0.03486739804454465,0.8778379280782481,0.9656348952552257,0.9648155791313486,0.1266367669966958,0.1307252989270491
CatBoost,CatBoost_R1_depth4_it300_l23_lr0.05_pca8,"{'model__depth': 4, 'model__iterations': 300, 'model__l2_leaf_reg': 3, 'model__learning_rate': 0.05, 'pca__n_components': 8}",0.8593715295662256,0.037023982515961375,0.8449812831848582,0.029606911011773197,0.878423423809332,0.02518208719345229,0.855977972606898,0.0246363086898061,0.8031059791574078,0.04956413481025692,0.9752171830825004,0.012818515128257404,0.9317375937820774,0.03389213857608674,0.8964228519892264,0.9760830426379989,0.9780529842564473,0.1167115130717733,0.12207501164954926
CatBoost,CatBoost_R1_depth4_it300_l23_lr0.05_pca12,"{'model__depth': 4, 'model__iterations': 300, 'model__l2_leaf_reg': 3, 'model__learning_rate': 0.05, 'pca__n_components': 12}",0.8667499030314112,0.034650612426049714,0.855330224559187,0.03696672359479825,0.8819637650893432,0.021493485850240846,0.8636719152935592,0.02725710787055412,0.8131651719527117,0.04636919303525482,0.9789063965745454,0.009087566178505195,0.9367615642477487,0.025994474220461722,0.9023386885058878,0.9781473192972413,0.9803973032733844,0.11139741626583011,0.11672538797982512
CatBoost,CatBoost_R1_depth4_it300_l23_lr0.1_pca3,"{'model__depth': 4, 'model__iterations': 300, 'model__l2_leaf_reg': 3, 'model__learning_rate': 0.1, 'pca__n_components': 3}",0.7276848004224525,0.0399929792290333,0.7290223598960406,0.04416503415188385,0.7514548239044091,0.04950847855192773,0.7233497704541544,0.04999363747978785,0.6207038021292487,0.04761117518156269,0.9369965717409888,0.017062071701739952,0.8008852534430545,0.06848257198339103,0.7781956416539444,0.906550916762925,0.911125268094145,0.17886611634047245,0.18777549763999057
CatBoost,CatBoost_R1_depth4_it300_l23_lr0.1_pca5,"{'model__depth': 4, 'model__iterations': 300, 'model__l2_leaf_reg': 3, 'model__learning_rate': 0.1, 'pca__n_components': 5}",0.8511861189234826,0.024851947543256318,0.8392648549576378,0.02356140918888373,0.8747628557373233,0.028372797765234242,0.8501559717801437,0.020082624765011995,0.7905150073742784,0.03335084747271725,0.9746448140397959,0.011372133319713866,0.925991698593214,0.03159349615043651,0.8904683913534989,0.985374869682736,0.9849577260430177,0.1341887507592534,0.134801754262874
CatBoost,CatBoost_R1_depth4_it300_l23_lr0.1_pca8,"{'model__depth': 4, 'model__iterations': 300, 'model__l2_leaf_reg': 3, 'model__learning_rate': 0.1, 'pca__n_components': 8}",0.8797359144812795,0.033146627100208534,0.8683316324875505,0.02837701330912512,0.8905724043272768,0.027771952865385884,0.874632940655174,0.025331171094260904,0.8299777056703196,0.04532987529969315,0.9807618482328884,0.009783289452824558,0.9434384747214534,0.02859530085885255,0.911020089403929,0.992603835419315,0.9940289255762348,0.11286792093803544,0.11939598492106074
CatBoost,CatBoost_R1_depth4_it300_l23_lr0.1_pca12,"{'model__depth': 4, 'model__iterations': 300, 'model__l2_leaf_reg': 3, 'model__learning_rate': 0.1, 'pca__n_components': 12}",0.8861465644828408,0.0307984516714808,0.8869252905783392,0.033963275920974645,0.8884994374808246,0.02372056973867309,0.884489560243637,0.02614244995301168,0.8384269828073035,0.04281546359825845,0.9831545340797829,0.008372231714993416,0.947130930220996,0.026453161687358985,0.9169446606227615,0.9931561058551639,0.9942810982744753,0.1070095413723231,0.1097915380308383
CatBoost,CatBoost_R1_depth4_it300_l25_lr0.03_pca3,"{'model__depth': 4, 'model__iterations': 300, 'model__l2_leaf_reg': 5, 'model__learning_rate': 0.03, 'pca__n_components': 3}",0.6824966808432589,0.017611894148608018,0.6679909722406988,0.04836750187149118,0.72519024004984,0.030454990916100242,0.6711367291715595,0.04658467057000292,0.5664933287388894,0.016992931002359102,0.9173157177063228,0.01499183291454616,0.757185707374514,0.0640071319344628,0.7371897003051727,0.8490276976757709,0.850332546196424,0.16653101683251204,0.17919581702486442
CatBoost,CatBoost_R1_depth4_it300_l25_lr0.03_pca5,"{'model__depth': 4, 'model__iterations': 300, 'model__l2_leaf_reg': 5, 'model__learning_rate': 0.03, 'pca__n_components': 5}",0.8146826263364089,0.0246896883292599,0.7934377832156996,0.03894844742869638,0.8558370614182804,0.019951084982975795,0.8123495195591305,0.029198466235036396,0.744765038575837,0.029843751710519294,0.9617419974648979,0.017909778160211595,0.8890830263167026,0.04211572023941316,0.8579383550545838,0.9403454729381096,0.9392067683279907,0.12566284660170068,0.12685724876886018
CatBoost,CatBoost_R1_depth4_it300_l25_lr0.03_pca8,"{'model__depth': 4, 'model__iterations': 300, 'model__l2_leaf_reg': 5, 'model__learning_rate': 0.03, 'pca__n_components': 8}",0.8336457250946381,0.03851826070884767,0.80136135199599,0.05968504393294687,0.8563800175296082,0.0246156190878639,0.8173440391263578,0.04844000912041741,0.7694522274104039,0.048106569843509944,0.9676993365812612,0.013639765756999508,0.9071493636595707,0.0333599004647106,0.8697398388303768,0.9522089210177296,0.9553359339472502,0.1185631959230915,0.13799189482089247
CatBoost,CatBoost_R1_depth4_it300_l25_lr0.03_pca12,"{'model__depth': 4, 'model__iterations': 300, 'model__l2_leaf_reg': 5, 'model__learning_rate': 0.03, 'pca__n_components': 12}",0.8469464794070927,0.02720645670193873,0.8361151452653456,0.04515204116161855,0.8630528874741745,0.026243364616974244,0.8449260145374101,0.03616084864597161,0.7859556991806409,0.0348941663995629,0.9718356374240692,0.010419047913489257,0.9173796570472671,0.02869580557376113,0.8850945070583326,0.9566994854584581,0.9613369541000705,0.1097530060513654,0.11641093956266035
CatBoost,CatBoost_R1_depth4_it300_l25_lr0.05_pca3,"{'model__depth': 4, 'model__iterations': 300, 'model__l2_leaf_reg': 5, 'model__learning_rate': 0.05, 'pca__n_components': 3}",0.7076261868183746,0.028710402822428253,0.6876866396404874,0.050362490817740024,0.7405177127537915,0.040721604588209864,0.6930510770662984,0.047532536097565276,0.5966621810293958,0.029538545480096063,0.9290531041177239,0.015554098263649252,0.779926846031973,0.06950868994640018,0.7571030045376564,0.8731184153973233,0.8806382559482284,0.16549222857894863,0.18758717888193
CatBoost,CatBoost_R1_depth4_it300_l25_lr0.05_pca5,"{'model__depth': 4, 'model__iterations': 300, 'model__l2_leaf_reg': 5, 'model__learning_rate': 0.05, 'pca__n_components': 5}",0.8375609742127519,0.02782032536491648,0.8202876704046451,0.034515259275444965,0.866689960122492,0.026056133705575246,0.8342979381353901,0.025803816645359405,0.7731025729037551,0.036022776800128185,0.969886568144846,0.014439018897892225,0.9118087526144263,0.03671393694051445,0.8775526590672312,0.963929258853604,0.9641152378338701,0.12636828464085215,0.12981729969848
CatBoost,CatBoost_R1_depth4_it300_l25_lr0.05_pca8,"{'model__depth': 4, 'model__iterations': 300, 'model__l2_leaf_reg': 5, 'model__learning_rate': 0.05, 'pca__n_components': 8}",0.859493105117657,0.04032957901510831,0.8373043842495914,0.042723804695779265,0.8769914179086269,0.026269343022427016,0.850407701195145,0.03483642110127685,0.8038693230569798,0.05324339257737884,0.9747480455908273,0.013507381873727473,0.9289499336770767,0.03397303457975375,0.8937640988002372,0.9730557114814117,0.9752545192425307,0.1135626063637547,0.12484681804738573
CatBoost,CatBoost_R1_depth4_it300_l25_lr0.05_pca12,"{'model__depth': 4, 'model__iterations': 300, 'model__l2_leaf_reg': 5, 'model__learning_rate': 0.05, 'pca__n_components': 12}",0.8639025798289385,0.03615129968482968,0.8557602613436408,0.0458529894583417,0.8800213057485047,0.02157445314931888,0.8627243299621735,0.03479865733975331,0.8093340941732997,0.04793290303493966,0.9785954173829235,0.008889854529011802,0.9336454774446032,0.024793219388012752,0.9003456181644754,0.9759616917737665,0.978271573686294,0.11205911194482798,0.11554724372412051
CatBoost,CatBoost_R1_depth4_it300_l25_lr0.1_pca3,"{'model__depth': 4, 'model__iterations': 300, 'model__l2_leaf_reg': 5, 'model__learning_rate': 0.1, 'pca__n_components': 3}",0.7248879044374947,0.038769356494831445,0.7245726939325572,0.044577088095752095,0.7492578893074195,0.04810041368735353,0.7187945513316438,0.04951142632414997,0.6174382345630813,0.044896468766406177,0.9364265285593334,0.015117293584001478,0.7959399696411722,0.07030684537690622,0.7744845460847856,0.9022760206992068,0.9071108792928089,0.17738811626171203,0.18831632796116504
CatBoost,CatBoost_R1_depth4_it300_l25_lr0.1_pca5,"{'model__depth': 4, 'model__iterations': 300, 'model__l2_leaf_reg': 5, 'model__learning_rate': 0.1, 'pca__n_components': 5}",0.8518845085659809,0.029307728650434847,0.8394740343959539,0.026331076505271778,0.8741925276685606,0.03244391692070955,0.8502354398250633,0.023163327773882025,0.7915414933273943,0.04000697706187523,0.9749835978291195,0.011051308471682154,0.9256484389527829,0.03134344338978563,0.8905515418138478,0.9837416021446435,0.9834676455642957,0.1318570935786626,0.13323220573923233
CatBoost,CatBoost_R1_depth4_it300_l25_lr0.1_pca8,"{'model__depth': 4, 'model__iterations': 300, 'model__l2_leaf_reg': 5, 'model__learning_rate': 0.1, 'pca__n_components': 8}",0.87759327568698,0.027536677004083916,0.8636485184589423,0.023111245154077587,0.890631283507088,0.021590486889137787,0.8704932321209847,0.017128945845011026,0.8267880075897688,0.037754200621328164,0.980513337101287,0.010141681136110046,0.9416753883364635,0.03131990382129975,0.9085208747507775,0.9915470251485962,0.9930300811347674,0.11395374946161618,0.1225368490137827
CatBoost,CatBoost_R1_depth4_it300_l25_lr0.1_pca12,"{'model__depth': 4, 'model__iterations': 300, 'model__l2_leaf_reg': 5, 'model__learning_rate': 0.1, 'pca__n_components': 12}",0.886729743380473,0.028371345799301634,0.8909172210247525,0.02936329336209317,0.8922402163184454,0.02468576175650891,0.8882606615486214,0.024250421313004842,0.8391428605107663,0.039516846003494165,0.9841676383056553,0.007476622377020537,0.9518537642131104,0.022587393865322776,0.9198952853390384,0.9921235820286398,0.9937221141195497,0.10539383864816687,0.10546145257092832
CatBoost,CatBoost_R1_depth4_it300_l210_lr0.03_pca3,"{'model__depth': 4, 'model__iterations': 300, 'model__l2_leaf_reg': 10, 'model__learning_rate': 0.03, 'pca__n_components': 3}",0.6752061297906815,0.014547684522786718,0.6585402816435316,0.05059760303970576,0.719674287358416,0.030712391372668908,0.6635500808028487,0.04918570898117538,0.5563453229185125,0.012033899012325886,0.9147434831060284,0.015611521952219078,0.751365918224422,0.06584620796486704,0.731029553495509,0.8440325873495347,0.842471920918783,0.16882645755885317,0.17892184011593426
CatBoost,CatBoost_R1_depth4_it300_l210_lr0.03_pca5,"{'model__depth': 4, 'model__iterations': 300, 'model__l2_leaf_reg': 10, 'model__learning_rate': 0.03, 'pca__n_components': 5}",0.808709989302242,0.01915204104139605,0.785438021106789,0.03938780523850668,0.8503444360827549,0.018148887155308942,0.8046386368199621,0.028314701403531765,0.7364327236026453,0.02220813886274737,0.9594375268308066,0.017794963379973137,0.8845018936636837,0.040472886831675395,0.8524522974283228,0.933933593489944,0.9330973323100279,0.12522360418770195,0.12845869549006583
CatBoost,CatBoost_R1_depth4_it300_l210_lr0.03_pca8,"{'model__depth': 4, 'model__iterations': 300, 'model__l2_leaf_reg': 10, 'model__learning_rate': 0.03, 'pca__n_components': 8}",0.8301734085817116,0.03645887528779501,0.796168988269649,0.05854301088706156,0.8556671874921111,0.023107520967196434,0.814171625549351,0.04731966936531007,0.7647290116681489,0.04549608885043153,0.965476170695857,0.014618618513166986,0.9020881014041544,0.036314650792928664,0.8662080775958599,0.9475735170848649,0.9509548674677009,0.1174001085031533,0.1367832419183499
CatBoost,CatBoost_R1_depth4_it300_l210_lr0.03_pca12,"{'model__depth': 4, 'model__iterations': 300, 'model__l2_leaf_reg': 10, 'model__learning_rate': 0.03, 'pca__n_components': 12}",0.8401435438666637,0.031904214535889465,0.8189382023447935,0.058828528128472196,0.8592293303706695,0.023384499924533626,0.8325096442057044,0.04326552185625918,0.7771074472568688,0.04090528515251185,0.9705939073175287,0.011296183353940215,0.9144060958436867,0.028782180648210913,0.8784898212259419,0.9508631706287032,0.9551382786915121,0.1107196267620395,0.12262863448580774
CatBoost,CatBoost_R1_depth4_it300_l210_lr0.05_pca3,"{'model__depth': 4, 'model__iterations': 300, 'model__l2_leaf_reg': 10, 'model__learning_rate': 0.05, 'pca__n_components': 3}",0.703224769691975,0.026308759410896578,0.6858475475710608,0.05337339720403024,0.7355984614797506,0.03975053248562124,0.6898328997121234,0.04935488141687356,0.5905513536582542,0.025931589406848404,0.9275368422226503,0.016214319849848204,0.7746159776074724,0.06920385976502504,0.7532415180495743,0.8679786002877645,0.8749880701034606,0.16475383059578952,0.18515517039133722
CatBoost,CatBoost_R1_depth4_it300_l210_lr0.05_pca5,"{'model__depth': 4, 'model__iterations': 300, 'model__l2_leaf_reg': 10, 'model__learning_rate': 0.05, 'pca__n_components': 5}",0.833322603124995,0.025816471082331482,0.81666410835661,0.03597753512666706,0.8637000759449421,0.02256243670277792,0.8307812917998568,0.026039357399204165,0.7679048131221454,0.032152077491801385,0.9672300681440816,0.01581289311832124,0.9046713153144568,0.03964988721281582,0.873135004558462,0.9577095949196611,0.9572329448805099,0.12438699179466617,0.1264516530806531
CatBoost,CatBoost_R1_depth4_it300_l210_lr0.05_pca8,"{'model__depth': 4, 'model__iterations': 300, 'model__l2_leaf_reg': 10, 'model__learning_rate': 0.05, 'pca__n_components': 8}",0.8556443031329619,0.03652366898279369,0.8292646426638296,0.04101147534517061,0.8781318666816933,0.022357533043705337,0.8459658565755784,0.031571658916065226,0.7988526231460976,0.047664542815818396,0.9731601978645349,0.013385244830754003,0.9250040362944002,0.03544207882535126,0.8901320681476759,0.9677726136210998,0.9705747041706575,0.11212831048813787,0.12460884759507906
CatBoost,CatBoost_R1_depth4_it300_l210_lr0.05_pca12,"{'model__depth': 4, 'model__iterations': 300, 'model__l2_leaf_reg': 10, 'model__learning_rate': 0.05, 'pca__n_components': 12}",0.8574467261222404,0.03873610908314891,0.8464450651356452,0.05379236669170173,0.8725697169864036,0.026418643475941462,0.8546243823793208,0.04159599238452858,0.8005244111667158,0.05141220262401225,0.9761054936033192,0.010488344331160623,0.9284358515190746,0.02881324848031692,0.8944408131605844,0.9711107676211569,0.9738230103783202,0.11366404149891651,0.11919862799899938
CatBoost,CatBoost_R1_depth4_it300_l210_lr0.1_pca3,"{'model__depth': 4, 'model__iterations': 300, 'model__l2_leaf_reg': 10, 'model__learning_rate': 0.1, 'pca__n_components': 3}",0.7224982213119409,0.03875945025797984,0.716270427824045,0.047757858720206194,0.7479962150321045,0.04964259844795127,0.7142281841474141,0.05164742670767291,0.6146978133686101,0.04514571399541686,0.9354616679614347,0.015611234630027596,0.7934339565836618,0.07166544460704302,0.7716703491384603,0.8976406207874073,0.9028902980069928,0.1751423994754664,0.18866211385957876
CatBoost,CatBoost_R1_depth4_it300_l210_lr0.1_pca5,"{'model__depth': 4, 'model__iterations': 300, 'model__l2_leaf_reg': 10, 'model__learning_rate': 0.1, 'pca__n_components': 5}",0.844176424624479,0.024004336348038054,0.8260728772439849,0.03401002928472112,0.8693313645133349,0.025100886910996992,0.839053676928075,0.023102087598603833,0.7817434933520861,0.031521324455517453,0.9728976504418357,0.010663440508559883,0.9160776406079381,0.03385100680573028,0.8820010214040188,0.980307568930366,0.9803528856129926,0.13613114430588702,0.14129920868491763
CatBoost,CatBoost_R1_depth4_it300_l210_lr0.1_pca8,"{'model__depth': 4, 'model__iterations': 300, 'model__l2_leaf_reg': 10, 'model__learning_rate': 0.1, 'pca__n_components': 8}",0.8701335963894843,0.036445871983828614,0.8550314243093047,0.028382000494815006,0.8802825313479911,0.02853879482794078,0.8615608146307471,0.02347010794598871,0.8167841716071557,0.049842582055086466,0.9803699371888838,0.010208947589745688,0.9404838471072257,0.03002990378908281,0.9034789158471835,0.9889535347841903,0.9905852612314281,0.11881993839470606,0.12902444660068102
CatBoost,CatBoost_R1_depth4_it300_l210_lr0.1_pca12,"{'model__depth': 4, 'model__iterations': 300, 'model__l2_leaf_reg': 10, 'model__learning_rate': 0.1, 'pca__n_components': 12}",0.8754129767817835,0.030621560031477934,0.873930557446189,0.02821266519395506,0.8831358734894066,0.023657412794493494,0.8748446306178765,0.023264229905024796,0.8237316652511566,0.04162033250434022,0.9810208144733904,0.008833388685118208,0.9419683997313155,0.02671140675830058,0.90955962099159,0.9889773421244994,0.9904647812004223,0.11356436534271586,0.11562015058254571
CatBoost,CatBoost_R1_depth4_it500_l23_lr0.03_pca3,"{'model__depth': 4, 'model__iterations': 500, 'model__l2_leaf_reg': 3, 'model__learning_rate': 0.03, 'pca__n_components': 3}",0.7145495543623774,0.028215317023565552,0.7000043385728535,0.044938594679876605,0.7445843267320262,0.04270612474622502,0.7026050497052205,0.04539318108662607,0.6055119030627664,0.03037825186340645,0.9308665204865015,0.016118364642311356,0.7843403555090607,0.06963168437934422,0.763233785581888,0.8764325073509587,0.8842803286726453,0.16188295298858124,0.18167527896742475
CatBoost,CatBoost_R1_depth4_it500_l23_lr0.03_pca5,"{'model__depth': 4, 'model__iterations': 500, 'model__l2_leaf_reg': 3, 'model__learning_rate': 0.03, 'pca__n_components': 5}",0.8461969503678397,0.02712410810657582,0.823308358202939,0.03637327825634276,0.8707989409136643,0.023756249513952114,0.8371039238700353,0.025591136050712192,0.785406072759771,0.03553345665171421,0.9709930734163315,0.013988023132678254,0.913970098779022,0.03561611457084285,0.8812590196763143,0.9665243388513657,0.9658884443985185,0.12032738848352598,0.12878452052848322
CatBoost,CatBoost_R1_depth4_it500_l23_lr0.03_pca8,"{'model__depth': 4, 'model__iterations': 500, 'model__l2_leaf_reg': 3, 'model__learning_rate': 0.03, 'pca__n_components': 8}",0.8604426804812524,0.039957104686756395,0.8453932497656945,0.03597635996626167,0.8779853270809639,0.02520440276505836,0.8554906949635643,0.028937385996059366,0.804942390566995,0.053209032698044736,0.9767426671421445,0.011642768128005519,0.9332450742995212,0.0341899567961558,0.8970689881821943,0.9768507773074772,0.9787884722347785,0.11640809682622477,0.12329777727121416
CatBoost,CatBoost_R1_depth4_it500_l23_lr0.03_pca12,"{'model__depth': 4, 'model__iterations': 500, 'model__l2_leaf_reg': 3, 'model__learning_rate': 0.03, 'pca__n_components': 12}",0.8715577144859177,0.03384756776159953,0.8655173349880666,0.03822348535525383,0.8803392162358806,0.02788594924095226,0.8693157757704393,0.03238789648336393,0.8191376432959077,0.045826389377687175,0.979836599316457,0.009499563071442004,0.9403303660154905,0.025523417913619846,0.9064049878112946,0.9787472221284663,0.9811235721459883,0.10718950764254864,0.11180779637554905
CatBoost,CatBoost_R1_depth4_it500_l23_lr0.05_pca3,"{'model__depth': 4, 'model__iterations': 500, 'model__l2_leaf_reg': 3, 'model__learning_rate': 0.05, 'pca__n_components': 3}",0.7257461919183836,0.03722754200798953,0.7153014466158336,0.04534388708806529,0.7482531668457423,0.047902387922347335,0.7131814639847305,0.04778908160975862,0.6190677423950418,0.04376378523058216,0.9363376105631842,0.01646805931487614,0.7969788679579366,0.06938410700366708,0.7732314010467293,0.8998975623532657,0.9044216309135436,0.17415137043488205,0.19124016692881307
CatBoost,CatBoost_R1_depth4_it500_l23_lr0.05_pca5,"{'model__depth': 4, 'model__iterations': 500, 'model__l2_leaf_reg': 3, 'model__learning_rate': 0.05, 'pca__n_components': 5}",0.8467959680985151,0.02789920662409616,0.8284603382440986,0.03294717606941182,0.8702789062815345,0.030214651333601752,0.8405590886302452,0.026827142758976772,0.7844884884551163,0.037673018733863355,0.9741942148558869,0.011888599521156494,0.9221094698760558,0.031091249344013406,0.8849709342446198,0.981868744379058,0.9813026203909123,0.13507277628054293,0.14074353176066712
CatBoost,CatBoost_R1_depth4_it500_l23_lr0.05_pca8,"{'model__depth': 4, 'model__iterations': 500, 'model__l2_leaf_reg': 3, 'model__learning_rate': 0.05, 'pca__n_components': 8}",0.8759672649156414,0.032039261622564014,0.8730885751993537,0.023347718613759352,0.8862682200351854,0.028181593579285524,0.8755793033246981,0.022459223410755475,0.8245133793842119,0.04425501474260387,0.9801465434089838,0.010435739811415145,0.9431583222061353,0.030657028526812555,0.9103314384076464,0.9906831802094018,0.9919706067073587,0.11471591529376046,0.11639130338266057
CatBoost,CatBoost_R1_depth4_it500_l23_lr0.05_pca12,"{'model__depth': 4, 'model__iterations': 500, 'model__l2_leaf_reg': 3, 'model__learning_rate': 0.05, 'pca__n_components': 12}",0.8842337352736245,0.02757155013485375,0.8758121297326905,0.019078917778609705,0.8933704698822214,0.019920552732703583,0.8804534965745192,0.013755045046399936,0.8361860560472862,0.037875862504210295,0.9840077678836925,0.007417629705619795,0.9509597518207464,0.021851252490049548,0.9165020921396362,0.9913068394049767,0.9926665893070773,0.10707310413135218,0.11221309273255808
CatBoost,CatBoost_R1_depth4_it500_l23_lr0.1_pca3,"{'model__depth': 4, 'model__iterations': 500, 'model__l2_leaf_reg': 3, 'model__learning_rate': 0.1, 'pca__n_components': 3}",0.7261679021493384,0.04209203423280966,0.7271198555604774,0.0472367959934276,0.7479524310616756,0.05046155842101301,0.720305343103164,0.05157999628989553,0.6178876335165486,0.05221831300888922,0.937365715252635,0.01724942136518913,0.8025226326432999,0.06934874292809283,0.777257264168246,0.9218978327021616,0.9244895874466309,0.19572993055282328,0.20418424434346694
CatBoost,CatBoost_R1_depth4_it500_l23_lr0.1_pca5,"{'model__depth': 4, 'model__iterations': 500, 'model__l2_leaf_reg': 3, 'model__learning_rate': 0.1, 'pca__n_components': 5}",0.8565183150862298,0.03427145201668331,0.8466122265162648,0.031100684814695356,0.8761037150698018,0.038711289360115995,0.8544935301795482,0.03028073748256632,0.7973525904986005,0.04783365933403028,0.9756134493311741,0.010751209692091646,0.9295485754542213,0.028727959556281192,0.8942394669610233,0.992314828410407,0.9920809302337183,0.1357965133241772,0.13758740005417014
CatBoost,CatBoost_R1_depth4_it500_l23_lr0.1_pca8,"{'model__depth': 4, 'model__iterations': 500, 'model__l2_leaf_reg': 3, 'model__learning_rate': 0.1, 'pca__n_components': 8}",0.8885576593412639,0.029104539148542632,0.8828432914904412,0.022344228818808435,0.8968240575843918,0.02808520020080402,0.885514105746281,0.020333132262965275,0.8414710326090047,0.040542820163635786,0.9825697532341889,0.00880953819048997,0.9482491722832895,0.026323062272146022,0.9181662647780243,0.9974301238413906,0.9979704564880862,0.10887246450012678,0.11245635074180527
CatBoost,CatBoost_R1_depth4_it500_l23_lr0.1_pca12,"{'model__depth': 4, 'model__iterations': 500, 'model__l2_leaf_reg': 3, 'model__learning_rate': 0.1, 'pca__n_components': 12}",0.894976978861935,0.024604169570351962,0.899958380845826,0.02968916828669505,0.894375093856751,0.02200091312252048,0.8940192769428478,0.02148047374722207,0.8505433091575032,0.03426939148494197,0.9856911187900852,0.006754686826353912,0.9556285721014101,0.02121000713172359,0.9249731678743366,0.9978626925709271,0.9983825569643037,0.10288571370899213,0.1043632800214559
CatBoost,CatBoost_R1_depth4_it500_l25_lr0.03_pca3,"{'model__depth': 4, 'model__iterations': 500, 'model__l2_leaf_reg': 5, 'model__learning_rate': 0.03, 'pca__n_components': 3}",0.7080189759379476,0.029346756283687155,0.6933506219611469,0.04865902682917459,0.7395273751540966,0.04201309255860069,0.6949778259574675,0.04695236897658342,0.5977074537266767,0.030986322478730025,0.9296796645646357,0.01600317643140543,0.7824823383659154,0.06895431164514253,0.7587712970622403,0.8733578885178235,0.8806605316665758,0.16533891257987587,0.18568270570910828
CatBoost,CatBoost_R1_depth4_it500_l25_lr0.03_pca5,"{'model__depth': 4, 'model__iterations': 500, 'model__l2_leaf_reg': 5, 'model__learning_rate': 0.03, 'pca__n_components': 5}",0.8415867957940237,0.026035307695526963,0.8187323297803051,0.03798439474501823,0.8701387837322795,0.022883315837459447,0.833885647923115,0.026758451989918376,0.7794938651095318,0.033345003015151,0.9703339717113474,0.01421720764294887,0.9117597061661378,0.03826988434722235,0.8784640955480062,0.963882476961244,0.9637265900789342,0.12229568116722023,0.1298409421558192
CatBoost,CatBoost_R1_depth4_it500_l25_lr0.03_pca8,"{'model__depth': 4, 'model__iterations': 500, 'model__l2_leaf_reg': 5, 'model__learning_rate': 0.03, 'pca__n_components': 8}",0.8570676214045434,0.037652769151657925,0.8386007798019717,0.037721063411377424,0.8733730428342235,0.024015425451340895,0.8494747659454998,0.029835560309505085,0.8002276861370479,0.05002539650037765,0.9757034193084131,0.0117859043272278,0.9292981679143388,0.034529524009387254,0.8929622589761209,0.973031474218728,0.9751832000089247,0.11596385281418464,0.1257084340634249
CatBoost,CatBoost_R1_depth4_it500_l25_lr0.03_pca12,"{'model__depth': 4, 'model__iterations': 500, 'model__l2_leaf_reg': 5, 'model__learning_rate': 0.03, 'pca__n_components': 12}",0.8705969611740324,0.03295521492786352,0.866183417583726,0.03680458450288459,0.8775484681395627,0.029547708093993784,0.8680637665671831,0.032811040213008326,0.8177024627330521,0.04437939980707389,0.9790446928001082,0.009299772779060368,0.9374232507147855,0.025974299806626022,0.9047794162161648,0.9759126481472237,0.9783675520913064,0.10531568697319127,0.11030378552412334
CatBoost,CatBoost_R1_depth4_it500_l25_lr0.05_pca3,"{'model__depth': 4, 'model__iterations': 500, 'model__l2_leaf_reg': 5, 'model__learning_rate': 0.05, 'pca__n_components': 3}",0.7218858013373243,0.03222738025334326,0.713811280076593,0.04286955116666619,0.7481460359670862,0.04653620413653088,0.7118777425279765,0.04688383084069836,0.6137626858375131,0.03678884068120132,0.9353702982192227,0.01603308263888338,0.7947622816443252,0.06948603512095083,0.7711737890303527,0.8965358581131309,0.9015442095273155,0.17465005677580658,0.18966646699933898
CatBoost,CatBoost_R1_depth4_it500_l25_lr0.05_pca5,"{'model__depth': 4, 'model__iterations': 500, 'model__l2_leaf_reg': 5, 'model__learning_rate': 0.05, 'pca__n_components': 5}",0.8484212590288507,0.02836529989351738,0.8302126328710419,0.029850369621987605,0.8710740936525783,0.030819045092316914,0.8422442563432124,0.02437905925664779,0.7872075629525386,0.0384012038662608,0.9740619159568972,0.011435288505980959,0.9217384784707189,0.031197958185046296,0.8858621720967336,0.9804039634307291,0.9803560966173972,0.13198270440187843,0.13811184027418477
CatBoost,CatBoost_R1_depth4_it500_l25_lr0.05_pca8,"{'model__depth': 4, 'model__iterations': 500, 'model__l2_leaf_reg': 5, 'model__learning_rate': 0.05, 'pca__n_components': 8}",0.8784725100520049,0.0326443852134101,0.8753582972135551,0.02371701700145038,0.8897577323687254,0.02511152946812243,0.8784218465125317,0.020939747566492903,0.8281643275924144,0.04483487185364037,0.9799431940162121,0.010821144795633508,0.9424412282110015,0.030869708244952207,0.9116484128399135,0.9886417701184864,0.9899150633731546,0.11016926006648153,0.11149321686062286
CatBoost,CatBoost_R1_depth4_it500_l25_lr0.05_pca12,"{'model__depth': 4, 'model__iterations': 500, 'model__l2_leaf_reg': 5, 'model__learning_rate': 0.05, 'pca__n_components': 12}",0.8805132896455312,0.03185786774742472,0.8749559218944043,0.03236263872837075,0.8897603143719831,0.021195029283981592,0.8786895506278011,0.0252761723412917,0.8314507149460759,0.04325287106647394,0.9834255194127639,0.007410150711151399,0.948094448409118,0.022104527003154108,0.9141697855033191,0.9894095735666243,0.9909991237454767,0.10889628392109307,0.11230957311767564
CatBoost,CatBoost_R1_depth4_it500_l25_lr0.1_pca3,"{'model__depth': 4, 'model__iterations': 500, 'model__l2_leaf_reg': 5, 'model__learning_rate': 0.1, 'pca__n_components': 3}",0.7234776249855772,0.041529090724934686,0.7244918743128268,0.051540523660972413,0.7451563044985019,0.048795253117792745,0.7179184500091431,0.052677002679833614,0.6140384707940567,0.05061622978653321,0.9366863948684928,0.01664112500781374,0.7984056276578623,0.0725570279827351,0.7744477710213445,0.9185827114116323,0.9217554372637095,0.19510508642605506,0.20383698725456634
CatBoost,CatBoost_R1_depth4_it500_l25_lr0.1_pca5,"{'model__depth': 4, 'model__iterations': 500, 'model__l2_leaf_reg': 5, 'model__learning_rate': 0.1, 'pca__n_components': 5}",0.8560334989828805,0.03200309374673226,0.8481505515118701,0.025869000106129025,0.8769680167962084,0.036766589473973356,0.8562969283819687,0.025924603143701225,0.7969019166369302,0.044177239760943156,0.9760342168286824,0.010819259407081193,0.9298523151715565,0.030608913087484178,0.8948667339573301,0.990753610484264,0.9904765505042171,0.13472011150138352,0.13417962212224843
CatBoost,CatBoost_R1_depth4_it500_l25_lr0.1_pca8,"{'model__depth': 4, 'model__iterations': 500, 'model__l2_leaf_reg': 5, 'model__learning_rate': 0.1, 'pca__n_components': 8}",0.8871077388511999,0.025162467430688035,0.8771681859565359,0.024119704235121015,0.8967499384121573,0.02477604750689189,0.881620662382322,0.018873844545136166,0.8394394272720161,0.035000764680661225,0.9828427620112119,0.008809215639934679,0.9476482240570251,0.027940996190829195,0.9163295333584517,0.9960376658561,0.9968241072270689,0.10892992700490012,0.11520344484474698
CatBoost,CatBoost_R1_depth4_it500_l25_lr0.1_pca12,"{'model__depth': 4, 'model__iterations': 500, 'model__l2_leaf_reg': 5, 'model__learning_rate': 0.1, 'pca__n_components': 12}",0.8916241388368021,0.026627541856684808,0.8946881603529245,0.02683827927588859,0.8957256722934034,0.022582978431099566,0.891938870647536,0.0211967131423602,0.8460917226175422,0.03693176228672504,0.9854995761732146,0.006893284836520234,0.9560133197258553,0.02143950816669474,0.9236660172273874,0.9968302437762372,0.9975755534859818,0.10520610493943505,0.10563668283844585
CatBoost,CatBoost_R1_depth4_it500_l210_lr0.03_pca3,"{'model__depth': 4, 'model__iterations': 500, 'model__l2_leaf_reg': 10, 'model__learning_rate': 0.03, 'pca__n_components': 3}",0.7044525316923351,0.024697961265641638,0.6891870066294277,0.04810555314053329,0.7369806324709339,0.03809281894782095,0.6908634950636574,0.04600730356839277,0.5931505540047576,0.024279559388080383,0.9276764595294924,0.015697776221185483,0.7776631521611685,0.06904127866889055,0.7550339747424015,0.8690581755079461,0.8769520780834019,0.16460564381561094,0.1860885830197445
CatBoost,CatBoost_R1_depth4_it500_l210_lr0.03_pca5,"{'model__depth': 4, 'model__iterations': 500, 'model__l2_leaf_reg': 10, 'model__learning_rate': 0.03, 'pca__n_components': 5}",0.83754798200104,0.02495577483457985,0.8127049713783869,0.03902914022437954,0.8667367771137797,0.021462554034894048,0.8280746932971231,0.026855679002042998,0.7747638600792948,0.03130406908926577,0.9678657631215056,0.0155246261491696,0.9034407151577574,0.04035665341059539,0.872965779498176,0.9573739071206007,0.9574812544700189,0.1198259251195607,0.12940656117289573
CatBoost,CatBoost_R1_depth4_it500_l210_lr0.03_pca8,"{'model__depth': 4, 'model__iterations': 500, 'model__l2_leaf_reg': 10, 'model__learning_rate': 0.03, 'pca__n_components': 8}",0.8519925313267412,0.03912737740040614,0.8292408664878754,0.04745116068354999,0.8678868988628944,0.024287748669238995,0.8417420776497488,0.037837392494424686,0.7935614297580923,0.05122343291903144,0.9736785995791996,0.012982171071771631,0.9232369831005963,0.03594165218447088,0.8872532585431304,0.9683482995321174,0.9709663832436185,0.11635576820537619,0.12922430559386966
CatBoost,CatBoost_R1_depth4_it500_l210_lr0.03_pca12,"{'model__depth': 4, 'model__iterations': 500, 'model__l2_leaf_reg': 10, 'model__learning_rate': 0.03, 'pca__n_components': 12}",0.8665668612196249,0.035818403398050855,0.8559842784984234,0.05082411180221471,0.8766817264165008,0.027372158934140713,0.862072509381021,0.039219955949628967,0.812746349793618,0.047873936821278794,0.9778690040123671,0.010165701286632139,0.9324629312814328,0.028004892197014842,0.9003028718530875,0.9721180091488598,0.9751513745436711,0.10555114792923492,0.11307886516265009
CatBoost,CatBoost_R1_depth4_it500_l210_lr0.05_pca3,"{'model__depth': 4, 'model__iterations': 500, 'model__l2_leaf_reg': 10, 'model__learning_rate': 0.05, 'pca__n_components': 3}",0.720931961770912,0.034554590731892466,0.7124400889975127,0.04425174780272527,0.7458237795437104,0.046493203874414135,0.711495877730967,0.04760840351242162,0.6125539976078087,0.03906223888089883,0.9345689260625273,0.016235769409436347,0.7897934581067305,0.07051748810275252,0.7691887782138673,0.8911082349080489,0.8964137924808584,0.1701762731371369,0.1849179147498914
CatBoost,CatBoost_R1_depth4_it500_l210_lr0.05_pca5,"{'model__depth': 4, 'model__iterations': 500, 'model__l2_leaf_reg': 10, 'model__learning_rate': 0.05, 'pca__n_components': 5}",0.8463128911571417,0.02838687294450243,0.8282083316925627,0.0340304343840417,0.8701693917360094,0.030146263219361633,0.8402041220885138,0.027616181688654907,0.784517704161867,0.03790110831769127,0.9727580587954971,0.011550994139193686,0.9205874583473526,0.03363839944826005,0.8843501441722665,0.976202031653077,0.9762080708617542,0.12988914049593525,0.1360039487732404
CatBoost,CatBoost_R1_depth4_it500_l210_lr0.05_pca8,"{'model__depth': 4, 'model__iterations': 500, 'model__l2_leaf_reg': 10, 'model__learning_rate': 0.05, 'pca__n_components': 8}",0.8719455287315858,0.031214164345671667,0.8630128094935096,0.022136047086204206,0.8856145156808587,0.024588536534391456,0.8695467637519514,0.01914363801116035,0.8193685299898645,0.04275280983658168,0.9786343690438774,0.011158218060452366,0.9377245288052445,0.03339063965782316,0.9056518525173761,0.9854954868789436,0.9872926029282716,0.1135499581473578,0.1177458391763202
CatBoost,CatBoost_R1_depth4_it500_l210_lr0.05_pca12,"{'model__depth': 4, 'model__iterations': 500, 'model__l2_leaf_reg': 10, 'model__learning_rate': 0.05, 'pca__n_components': 12}",0.877917712913284,0.034386228568924954,0.8706517247339903,0.035658627641766645,0.888537543389401,0.024977531775410875,0.8760308214186135,0.028746050947164335,0.8277022262233699,0.04690621966946855,0.9814754985905034,0.008817269010735065,0.9440587353789347,0.02591204158129333,0.911313556636411,0.9858791215616481,0.9877742955670923,0.10796140864836412,0.11174347414847874
CatBoost,CatBoost_R1_depth4_it500_l210_lr0.1_pca3,"{'model__depth': 4, 'model__iterations': 500, 'model__l2_leaf_reg': 10, 'model__learning_rate': 0.1, 'pca__n_components': 3}",0.7234819769269201,0.04203975852728233,0.7223506261700955,0.048244213418768014,0.7450334800858083,0.050292920849264025,0.7168784963108641,0.051927270791739304,0.614252290373988,0.05152611676028131,0.935997506727302,0.017329319718712412,0.7954209784805382,0.07593696868451758,0.7731418733261322,0.9135638287666625,0.9174554542327782,0.19008185183974247,0.2005769579219141
CatBoost,CatBoost_R1_depth4_it500_l210_lr0.1_pca5,"{'model__depth': 4, 'model__iterations': 500, 'model__l2_leaf_reg': 10, 'model__learning_rate': 0.1, 'pca__n_components': 5}",0.849005656340052,0.029070651757819678,0.8322532528555916,0.031773328074671446,0.872442318127062,0.03518320920893635,0.8437157442348088,0.026159536562171553,0.787898239948927,0.03975953885198596,0.9744296132859634,0.010188046222379519,0.9234743712669452,0.029696610641268235,0.8870464118254059,0.9877521812811875,0.9874784928485392,0.13874652494113549,0.1437627486137304
CatBoost,CatBoost_R1_depth4_it500_l210_lr0.1_pca8,"{'model__depth': 4, 'model__iterations': 500, 'model__l2_leaf_reg': 10, 'model__learning_rate': 0.1, 'pca__n_components': 8}",0.8856716433957674,0.027847272899198035,0.874130241448071,0.019818394322769193,0.8907011021938628,0.025584245765413863,0.8773021854572581,0.015971130350053566,0.8375240585611327,0.03891984380761289,0.9827429437778082,0.008601096876702368,0.9471119503167593,0.026767225768003146,0.9143920550181944,0.9947885823000471,0.9957770717158313,0.10911693890427965,0.11847488625857316
CatBoost,CatBoost_R1_depth4_it500_l210_lr0.1_pca12,"{'model__depth': 4, 'model__iterations': 500, 'model__l2_leaf_reg': 10, 'model__learning_rate': 0.1, 'pca__n_components': 12}",0.8883706356932295,0.025868762835063598,0.8870944740976314,0.022448716311962134,0.8949073706637801,0.018250616616151003,0.8876560229622827,0.016148159827231542,0.8415718204472146,0.03558439324045626,0.983614104285909,0.007329489970904991,0.950913929386408,0.022294853308102932,0.9197852875240994,0.9949807805957199,0.9958686871011599,0.10661014490249043,0.1082126641388772
CatBoost,CatBoost_R1_depth6_it300_l23_lr0.03_pca3,"{'model__depth': 6, 'model__iterations': 300, 'model__l2_leaf_reg': 3, 'model__learning_rate': 0.03, 'pca__n_components': 3}",0.7113998126132128,0.03345621972121255,0.6915823701639014,0.050907749584397526,0.7429587704222345,0.04502387802730885,0.6973158014085176,0.048044456536126025,0.6021692915934475,0.03898315112595504,0.9317360834370658,0.014485404412143403,0.7823377844506502,0.06753019240368,0.7602460772186306,0.8821726004247292,0.8870997114147631,0.1707727878115164,0.1897839100062455
CatBoost,CatBoost_R1_depth6_it300_l23_lr0.03_pca5,"{'model__depth': 6, 'model__iterations': 300, 'model__l2_leaf_reg': 3, 'model__learning_rate': 0.03, 'pca__n_components': 5}",0.8468316608597984,0.03534263994733783,0.831374939975583,0.0482734577502338,0.8665744223175775,0.02890016968292894,0.8399113713494761,0.042204322610296795,0.7852345489346534,0.04683847424760675,0.9750339229685144,0.009867319125320491,0.9205223915562412,0.028950115790462732,0.8843503457910146,0.975840054383687,0.9752554897566394,0.1290083935238886,0.13534411840716332
CatBoost,CatBoost_R1_depth6_it300_l23_lr0.03_pca8,"{'model__depth': 6, 'model__iterations': 300, 'model__l2_leaf_reg': 3, 'model__learning_rate': 0.03, 'pca__n_components': 8}",0.8764125380639097,0.03533460395059378,0.8713253984318442,0.04351407392983553,0.890933392194406,0.021750798307128776,0.8767802045542817,0.03163092512721205,0.8263782324574247,0.04719340040295691,0.981263970133081,0.006846857892049125,0.9438059447749956,0.024684465023570346,0.9112584218526631,0.9868158025098571,0.9877067258468999,0.11040326444594739,0.11092652129261815
CatBoost,CatBoost_R1_depth6_it300_l23_lr0.03_pca12,"{'model__depth': 6, 'model__iterations': 300, 'model__l2_leaf_reg': 3, 'model__learning_rate': 0.03, 'pca__n_components': 12}",0.8837954344383856,0.0335453982431678,0.8779092003655965,0.04501877007224148,0.8968335068726935,0.019496092364926377,0.8832136368502846,0.03303608428962021,0.8363005514618518,0.04522340545099786,0.9838361726489293,0.005964782587828545,0.9517258555935479,0.017834043820562084,0.9176965893915862,0.9875360657675385,0.9881552714317567,0.1037406313291529,0.1049416345814721
CatBoost,CatBoost_R1_depth6_it300_l23_lr0.05_pca3,"{'model__depth': 6, 'model__iterations': 300, 'model__l2_leaf_reg': 3, 'model__learning_rate': 0.05, 'pca__n_components': 3}",0.7195140769413728,0.03892217196822662,0.7072423110591368,0.05046410342343636,0.7466583895685395,0.05104813601641387,0.706611219837469,0.052481573898290834,0.6117299070095871,0.04669460777638478,0.9353913314532354,0.01503804787574502,0.7940778559187501,0.06822887447224592,0.7688513430870042,0.9062623445097895,0.9105788208874539,0.18674826756841667,0.2039676010499849
CatBoost,CatBoost_R1_depth6_it300_l23_lr0.05_pca5,"{'model__depth': 6, 'model__iterations': 300, 'model__l2_leaf_reg': 3, 'model__learning_rate': 0.05, 'pca__n_components': 5}",0.8556627760785573,0.0322376779569706,0.8414652762382658,0.03739557923232759,0.8736530297585798,0.02896287336400964,0.8496669480056885,0.032550010623397956,0.7968797782896824,0.04304527024691362,0.9773455840773998,0.008391455081196108,0.9328537198168364,0.025442494119899996,0.893653518989122,0.9867434793454388,0.9858455438122027,0.13108070326688148,0.13617859580651415
CatBoost,CatBoost_R1_depth6_it300_l23_lr0.05_pca8,"{'model__depth': 6, 'model__iterations': 300, 'model__l2_leaf_reg': 3, 'model__learning_rate': 0.05, 'pca__n_components': 8}",0.8895321571560897,0.0297348901291801,0.888203162070391,0.025252076080846026,0.8986188050391706,0.020242790718650674,0.8895247284082632,0.020100026652447988,0.8438479970580831,0.04065244039574826,0.9843902843986205,0.006819017563680032,0.9533114862510758,0.023408912404971005,0.9215867377294602,0.9939001334052868,0.9945297023413048,0.10436797624919714,0.10500497393304153
CatBoost,CatBoost_R1_depth6_it300_l23_lr0.05_pca12,"{'model__depth': 6, 'model__iterations': 300, 'model__l2_leaf_reg': 3, 'model__learning_rate': 0.05, 'pca__n_components': 12}",0.895306867107091,0.030610751995907844,0.8971277315631744,0.031058057222572467,0.9052014939957026,0.020303760488489166,0.8975930477952353,0.0220320825213246,0.8519862722530431,0.04203065122075443,0.9863194259833271,0.005685347330769084,0.9588012550391207,0.016982089175506223,0.9274624796536258,0.9952447972224749,0.9958610204769383,0.09993793011538399,0.09826797268170295
CatBoost,CatBoost_R1_depth6_it300_l23_lr0.1_pca3,"{'model__depth': 6, 'model__iterations': 300, 'model__l2_leaf_reg': 3, 'model__learning_rate': 0.1, 'pca__n_components': 3}",0.7138698371024946,0.034772010474328624,0.7077908651345004,0.050947960241248466,0.7390375217466307,0.04632272848515522,0.7009445258569966,0.05118669081266549,0.6025938948543639,0.04470255414839499,0.9353213625470123,0.01501582651902058,0.7996201433219097,0.06831664862556189,0.7672872055353629,0.9294160651391531,0.9314681022214195,0.21554622803665846,0.2305235763644229
CatBoost,CatBoost_R1_depth6_it300_l23_lr0.1_pca5,"{'model__depth': 6, 'model__iterations': 300, 'model__l2_leaf_reg': 3, 'model__learning_rate': 0.1, 'pca__n_components': 5}",0.8537786959332345,0.039611826300688185,0.8399500636451958,0.048915097591553845,0.8714380512014926,0.035891718387592496,0.8464043591107601,0.042146680284060954,0.794072768910741,0.053726409095684484,0.9777409378302264,0.0091096777549821,0.9346316449974188,0.026340081739829713,0.8926907961878499,0.9944279904050607,0.9942094637747051,0.14064929447182617,0.14780510466394503
CatBoost,CatBoost_R1_depth6_it300_l23_lr0.1_pca8,"{'model__depth': 6, 'model__iterations': 300, 'model__l2_leaf_reg': 3, 'model__learning_rate': 0.1, 'pca__n_components': 8}",0.8934765340392561,0.031301269181214224,0.8945137051591274,0.033591530192519016,0.8995628263856373,0.023554956175727747,0.8939718874859608,0.025424219954563412,0.8490023398535961,0.04293233719213445,0.9852694138199976,0.00625757429395422,0.952205677388165,0.026098824189368326,0.9235595782669747,0.9986788181243483,0.9990404441322273,0.10520228408509225,0.10506855664626646
CatBoost,CatBoost_R1_depth6_it300_l23_lr0.1_pca12,"{'model__depth': 6, 'model__iterations': 300, 'model__l2_leaf_reg': 3, 'model__learning_rate': 0.1, 'pca__n_components': 12}",0.9048871441441884,0.025465092403967434,0.9080413991528191,0.03338294466520267,0.914940111004495,0.016187196364332766,0.9084210443045272,0.021280848218473813,0.865154095398986,0.03488694975677824,0.9887719582047906,0.004041090702453412,0.9648175748973026,0.015545868359239226,0.9352718889671077,0.9992076995275877,0.9993645069918287,0.09432055538339934,0.09094346268730147
CatBoost,CatBoost_R1_depth6_it300_l25_lr0.03_pca3,"{'model__depth': 6, 'model__iterations': 300, 'model__l2_leaf_reg': 5, 'model__learning_rate': 0.03, 'pca__n_components': 3}",0.7073489307592935,0.03052979991462425,0.6875283807035122,0.04797760456117342,0.7410389027642654,0.04280485280693704,0.6936296621003855,0.04623651935915833,0.5971773436398417,0.03446650288460228,0.9303435372416636,0.013380806440203955,0.781967793499466,0.06302528236666202,0.7580620424732575,0.8799157955664783,0.8847997292094231,0.17256686480718475,0.1911700671090376
CatBoost,CatBoost_R1_depth6_it300_l25_lr0.03_pca5,"{'model__depth': 6, 'model__iterations': 300, 'model__l2_leaf_reg': 5, 'model__learning_rate': 0.03, 'pca__n_components': 5}",0.8442220391366337,0.03270425917302075,0.8264777906354569,0.04771480843392986,0.8674946853131156,0.028206086324610247,0.8374175808244118,0.04164731555156504,0.7820872092339534,0.04285010370608339,0.9745681074986063,0.009264865797029148,0.91828245935097,0.027758590854047745,0.8822478815974528,0.9721179666208531,0.971365245950621,0.1278959274842194,0.13394766512620926
CatBoost,CatBoost_R1_depth6_it300_l25_lr0.03_pca8,"{'model__depth': 6, 'model__iterations': 300, 'model__l2_leaf_reg': 5, 'model__learning_rate': 0.03, 'pca__n_components': 8}",0.8742077671420617,0.03647368284279129,0.8632339971303473,0.05093484095742932,0.8891367401906999,0.024867470393614824,0.8710673427666524,0.03879907984996536,0.8233745112019122,0.04840537931683282,0.9810219899254111,0.006617272583310993,0.9431241778907159,0.023709769368726763,0.9086262587527748,0.984774406497355,0.9854594925038844,0.11056663935529332,0.114392149737232
CatBoost,CatBoost_R1_depth6_it300_l25_lr0.03_pca12,"{'model__depth': 6, 'model__iterations': 300, 'model__l2_leaf_reg': 5, 'model__learning_rate': 0.03, 'pca__n_components': 12}",0.8831131445887668,0.03222790994074365,0.8692438304396447,0.0493924074131291,0.8970901048220744,0.01971211029613799,0.8786503582461564,0.035338729305717756,0.8351766767414748,0.043503745878021825,0.983150564249262,0.006463904387701328,0.9501800646694365,0.019721143356466058,0.9154729204287767,0.9854227737498154,0.9858946043868846,0.10230962916104858,0.10724424614072814
CatBoost,CatBoost_R1_depth6_it300_l25_lr0.05_pca3,"{'model__depth': 6, 'model__iterations': 300, 'model__l2_leaf_reg': 5, 'model__learning_rate': 0.05, 'pca__n_components': 3}",0.7198751979448451,0.036769176243951984,0.7088329377913213,0.04463969186995607,0.7460299639574327,0.04873671339128804,0.7083710511881544,0.04793411711516147,0.6111699948195545,0.044105649254664786,0.9341669891929352,0.015237288357819807,0.7910061050243988,0.0672153828890725,0.7683207178741102,0.9020824778207555,0.9068417652521965,0.18220727987591034,0.19847071406404215
CatBoost,CatBoost_R1_depth6_it300_l25_lr0.05_pca5,"{'model__depth': 6, 'model__iterations': 300, 'model__l2_leaf_reg': 5, 'model__learning_rate': 0.05, 'pca__n_components': 5}",0.8512508226712644,0.03414075165902664,0.8361476321295088,0.04352741131785956,0.8709570266498116,0.03203088518653756,0.8445913042349961,0.03829369060189838,0.7909787379322264,0.04567202901438062,0.9769973079832791,0.00837075609204822,0.9281401434458108,0.024841951531575653,0.8894069388823067,0.9847501311108047,0.9839396043832798,0.13349930843954028,0.1393483001482837
CatBoost,CatBoost_R1_depth6_it300_l25_lr0.05_pca8,"{'model__depth': 6, 'model__iterations': 300, 'model__l2_leaf_reg': 5, 'model__learning_rate': 0.05, 'pca__n_components': 8}",0.8855205730729843,0.03233225688234416,0.8832917233653994,0.028595703329938063,0.8977196178229088,0.023811791307370923,0.8870010137586739,0.023100813602028737,0.8382686036492413,0.044143981898120944,0.9833511644085042,0.006911248368222112,0.9500814841568491,0.025040260798199453,0.9187389332467145,0.9926273601150907,0.9934889303835577,0.10710678704210641,0.10648791662488377
CatBoost,CatBoost_R1_depth6_it300_l25_lr0.05_pca12,"{'model__depth': 6, 'model__iterations': 300, 'model__l2_leaf_reg': 5, 'model__learning_rate': 0.05, 'pca__n_components': 12}",0.8914664180703042,0.03054298004509765,0.8912739637045947,0.030324436169976886,0.9011767959291603,0.018946935214319477,0.8925958289193865,0.021883405717020445,0.8465995070894105,0.04184214463058934,0.9858165378333762,0.005848895749448687,0.9577539846663112,0.018341961711046715,0.9245498557101343,0.9939478876277914,0.9945743717619095,0.10248146955748716,0.10197854284252306
CatBoost,CatBoost_R1_depth6_it300_l25_lr0.1_pca3,"{'model__depth': 6, 'model__iterations': 300, 'model__l2_leaf_reg': 5, 'model__learning_rate': 0.1, 'pca__n_components': 3}",0.7159988557242307,0.04225552361185089,0.7129936828294576,0.05016806127814349,0.740501757661728,0.051023226015176414,0.7059023117860579,0.05031645147808917,0.6048917107822886,0.05458278836992404,0.935663256101026,0.015884995248707973,0.7988245460867445,0.06910726003019271,0.7690575710879822,0.9254769035049565,0.9275499857806103,0.20947804778072576,0.22164767399455243
CatBoost,CatBoost_R1_depth6_it300_l25_lr0.1_pca5,"{'model__depth': 6, 'model__iterations': 300, 'model__l2_leaf_reg': 5, 'model__learning_rate': 0.1, 'pca__n_components': 5}",0.8527185015618249,0.03970842001064289,0.8406249724578985,0.042875900586080096,0.8702150509189914,0.037328118352551475,0.8467081715772474,0.038478102506603704,0.7926708496590051,0.053945637117287885,0.9772541272863711,0.008385058568990224,0.9300275701763512,0.023611623113786874,0.8910237221943671,0.9929872539466673,0.9926128622794964,0.14026875238484238,0.14590469070224898
CatBoost,CatBoost_R1_depth6_it300_l25_lr0.1_pca8,"{'model__depth': 6, 'model__iterations': 300, 'model__l2_leaf_reg': 5, 'model__learning_rate': 0.1, 'pca__n_components': 8}",0.8983618661171816,0.02823335931637573,0.8998286347404278,0.02904296383039546,0.9028874642453728,0.021585466369616335,0.8984158951777117,0.022346534972851394,0.8556061264399014,0.039123566846980304,0.9851446537985502,0.006077252617845464,0.9542654695184833,0.02394484429503058,0.9268281426387152,0.9979100684888609,0.9983104015468189,0.09954820237167927,0.09989450636910724
CatBoost,CatBoost_R1_depth6_it300_l25_lr0.1_pca12,"{'model__depth': 6, 'model__iterations': 300, 'model__l2_leaf_reg': 5, 'model__learning_rate': 0.1, 'pca__n_components': 12}",0.9022164696213106,0.02781826640018032,0.9046060640135242,0.026369645197694035,0.9089739170933775,0.01766109134948805,0.9036870669177184,0.019223677783371106,0.8611311553900218,0.038539690569430976,0.9882756524517966,0.004617124923817549,0.963859294062193,0.01632321155550825,0.9327039795583074,0.9984152113216748,0.9987105568815622,0.09619874170036413,0.0950234899638438
CatBoost,CatBoost_R1_depth6_it300_l210_lr0.03_pca3,"{'model__depth': 6, 'model__iterations': 300, 'model__l2_leaf_reg': 10, 'model__learning_rate': 0.03, 'pca__n_components': 3}",0.7032726248898766,0.02198150087468022,0.6838625413973322,0.04361949698864636,0.7385803890411404,0.0369450100842494,0.6894390152035408,0.04238003093642842,0.5921942821883313,0.02375146485135778,0.9274558483488159,0.01291094335664131,0.7746228647840516,0.06284187920631429,0.7533863403605862,0.8737426884638054,0.8768407300532077,0.1704700635739288,0.18740171484966694
CatBoost,CatBoost_R1_depth6_it300_l210_lr0.03_pca5,"{'model__depth': 6, 'model__iterations': 300, 'model__l2_leaf_reg': 10, 'model__learning_rate': 0.03, 'pca__n_components': 5}",0.8421813096078221,0.028922760944066397,0.8255156567110449,0.047268500408043757,0.8688867941522872,0.026206386959979105,0.8379503522276213,0.039522495320444904,0.7799031204396691,0.037033510626414336,0.9722402934547029,0.010413682436771932,0.9129682533802421,0.030643153679240646,0.8802900552758993,0.9674350171904351,0.9668690411579789,0.125253707582613,0.12891868893035763
CatBoost,CatBoost_R1_depth6_it300_l210_lr0.03_pca8,"{'model__depth': 6, 'model__iterations': 300, 'model__l2_leaf_reg': 10, 'model__learning_rate': 0.03, 'pca__n_components': 8}",0.8684592571206473,0.04083658205101331,0.8600074336321466,0.058249353830107695,0.8821820554041743,0.02641709666314797,0.8657301637594916,0.04487879925074942,0.8162124198387156,0.05400624208401081,0.979818225941999,0.007527015727314471,0.9398115450899219,0.026448553338879934,0.9045493062562571,0.9784330066024435,0.9793075643634385,0.10997374948179617,0.11357740060394683
CatBoost,CatBoost_R1_depth6_it300_l210_lr0.03_pca12,"{'model__depth': 6, 'model__iterations': 300, 'model__l2_leaf_reg': 10, 'model__learning_rate': 0.03, 'pca__n_components': 12}",0.8726551174456562,0.03517153690812348,0.8576053963950268,0.057999802827955825,0.8847696822141018,0.02518133075677128,0.8660652426421939,0.04456946049436639,0.8209809748489771,0.04671101059687878,0.981289777741577,0.006568777336016216,0.9424452553319442,0.019642058203505196,0.9063336617995422,0.9810281108801109,0.9816716608949874,0.10837299343445472,0.1156064182527935
CatBoost,CatBoost_R1_depth6_it300_l210_lr0.05_pca3,"{'model__depth': 6, 'model__iterations': 300, 'model__l2_leaf_reg': 10, 'model__learning_rate': 0.05, 'pca__n_components': 3}",0.7141096433737023,0.033268679680160285,0.7052679900541872,0.044086010157016575,0.7434734401185237,0.04689476719031837,0.7030038070926636,0.04770762113989194,0.6045335603495129,0.038448079250864874,0.9331364492297791,0.014216939029804164,0.7877123612789101,0.06748018927933855,0.7643276495154434,0.8965350401914638,0.9020848231975475,0.1824253968177615,0.19908101610488382
CatBoost,CatBoost_R1_depth6_it300_l210_lr0.05_pca5,"{'model__depth': 6, 'model__iterations': 300, 'model__l2_leaf_reg': 10, 'model__learning_rate': 0.05, 'pca__n_components': 5}",0.8501885144909362,0.03300880967913358,0.8324622520495595,0.04637807068981596,0.8699809567649861,0.02947435664296793,0.8416629421641046,0.0384660012573455,0.7898226614473385,0.04407694610308723,0.9757973538767354,0.009269966245603703,0.9226586774102274,0.02912259054907841,0.8864109834326671,0.9805947187657316,0.9797416397670918,0.13040620427479532,0.1380786976029872
CatBoost,CatBoost_R1_depth6_it300_l210_lr0.05_pca8,"{'model__depth': 6, 'model__iterations': 300, 'model__l2_leaf_reg': 10, 'model__learning_rate': 0.05, 'pca__n_components': 8}",0.8819606281551551,0.034193569137873324,0.8789580497867984,0.030595445181277554,0.8937565520937223,0.025440983030389365,0.8827527568855086,0.025351895525669167,0.833563587194406,0.04683854973450794,0.9818933972501581,0.007744683549519339,0.9482017810718798,0.02542582997351256,0.9159121105181972,0.9896250453452495,0.9906260250914982,0.10766441719009445,0.10787326820598964
CatBoost,CatBoost_R1_depth6_it300_l210_lr0.05_pca12,"{'model__depth': 6, 'model__iterations': 300, 'model__l2_leaf_reg': 10, 'model__learning_rate': 0.05, 'pca__n_components': 12}",0.886780833902973,0.03556260065999392,0.8798554349387147,0.04633933415001263,0.8972357981735122,0.025130378366950642,0.8846981571934565,0.03506462647801476,0.840216532240985,0.04866575294011217,0.984781331719024,0.006760002726629282,0.953356356719725,0.01952174799094948,0.9193875933445579,0.9915224095934084,0.9924561722536657,0.1047415756904354,0.10775801506020921
CatBoost,CatBoost_R1_depth6_it300_l210_lr0.1_pca3,"{'model__depth': 6, 'model__iterations': 300, 'model__l2_leaf_reg': 10, 'model__learning_rate': 0.1, 'pca__n_components': 3}",0.7133820981830443,0.03360300260560722,0.7108707003185257,0.047591364134039686,0.7436829753101846,0.048903496941807005,0.7042367429443323,0.05141957373753554,0.6029306699686409,0.042501204007992004,0.9351376849125403,0.015479816589540658,0.7973328980025258,0.06776282953760199,0.7676783253103929,0.9186552964331746,0.9212115778276523,0.20527319825013024,0.21697483488332003
CatBoost,CatBoost_R1_depth6_it300_l210_lr0.1_pca5,"{'model__depth': 6, 'model__iterations': 300, 'model__l2_leaf_reg': 10, 'model__learning_rate': 0.1, 'pca__n_components': 5}",0.8512674907355164,0.036961451849232316,0.8402675505677056,0.04522077197237697,0.8699116803987639,0.03166695521864092,0.8468368745737134,0.037823722003542296,0.7906699798890203,0.05001292100906476,0.9772041301612588,0.008344098380375073,0.9305885581433625,0.027734637274551485,0.8909201408871953,0.9900569045965988,0.9894699657327258,0.13878941386108234,0.14263309115901246
CatBoost,CatBoost_R1_depth6_it300_l210_lr0.1_pca8,"{'model__depth': 6, 'model__iterations': 300, 'model__l2_leaf_reg': 10, 'model__learning_rate': 0.1, 'pca__n_components': 8}",0.8941360080712417,0.03078731500787701,0.8872043541440309,0.028572110329138686,0.9019442058358681,0.02416677609824389,0.8907532725632425,0.02193511879199692,0.8497921225485578,0.042531882381365974,0.9849435328721505,0.007214905662655178,0.953327400703684,0.02623098927190469,0.9229922448470685,0.9963253546260995,0.9969514865189787,0.10218934655485779,0.10619821395573614
CatBoost,CatBoost_R1_depth6_it300_l210_lr0.1_pca12,"{'model__depth': 6, 'model__iterations': 300, 'model__l2_leaf_reg': 10, 'model__learning_rate': 0.1, 'pca__n_components': 12}",0.8966336939164099,0.027674543404843883,0.8945534462816844,0.033444832488144165,0.9045854715509714,0.016888151040357336,0.8963812793691022,0.02268181558037929,0.8536344514883923,0.03769088676533016,0.987437836234583,0.005227049968863064,0.9607508672501532,0.018639372461983043,0.9279831241211506,0.9969501098686517,0.9974565790159751,0.10031641595224183,0.1010752996468729
CatBoost,CatBoost_R1_depth6_it500_l23_lr0.03_pca3,"{'model__depth': 6, 'model__iterations': 500, 'model__l2_leaf_reg': 3, 'model__learning_rate': 0.03, 'pca__n_components': 3}",0.7209537888118029,0.03884340463933841,0.7087556408362321,0.050200768812067205,0.7457782121276859,0.04806050956496003,0.7090161341511431,0.049190884992885965,0.6129929136591798,0.04641993666254977,0.9353015574553203,0.01542750240566604,0.7940414045016106,0.06848937490356954,0.7698513318274479,0.9060936852321632,0.9103014122899149,0.18513989642036022,0.20128527813877184
CatBoost,CatBoost_R1_depth6_it500_l23_lr0.03_pca5,"{'model__depth': 6, 'model__iterations': 500, 'model__l2_leaf_reg': 3, 'model__learning_rate': 0.03, 'pca__n_components': 5}",0.8524023566288411,0.033691421936905976,0.8375437777569639,0.03966940602277134,0.8710583482348726,0.03163771713022327,0.8451243651376308,0.03463845483396134,0.7925152042554262,0.0456166621370415,0.9774570135980662,0.008243275685250387,0.9316765558066258,0.02481932657018504,0.8910195076906566,0.9866227244479008,0.9857300765680673,0.13422036781905966,0.14060571143043654
CatBoost,CatBoost_R1_depth6_it500_l23_lr0.03_pca8,"{'model__depth': 6, 'model__iterations': 500, 'model__l2_leaf_reg': 3, 'model__learning_rate': 0.03, 'pca__n_components': 8}",0.8898350031238401,0.031576545578300495,0.8913587084684055,0.0300865796897072,0.898250934020497,0.022379858444963447,0.8916109617649776,0.023566621426749593,0.8441301429378392,0.04319429014601786,0.9844894137086391,0.006278823249718712,0.9527019682677891,0.023709011699194288,0.9221260005005621,0.9941880818596609,0.9950101541883617,0.10435307873582078,0.10339919242338413
CatBoost,CatBoost_R1_depth6_it500_l23_lr0.03_pca12,"{'model__depth': 6, 'model__iterations': 500, 'model__l2_leaf_reg': 3, 'model__learning_rate': 0.03, 'pca__n_components': 12}",0.8927074151332594,0.029893288804056315,0.8929005422477354,0.03225272056252827,0.9028498767171454,0.016207474163931573,0.8944734956515534,0.02175768161934841,0.8483480356520683,0.04074310220738225,0.9867664324933904,0.005419157798393846,0.9605090760176207,0.017362401788136198,0.926385529831736,0.9950289903460489,0.9958526291159572,0.1023215752127895,0.10137913346440375
CatBoost,CatBoost_R1_depth6_it500_l23_lr0.05_pca3,"{'model__depth': 6, 'model__iterations': 500, 'model__l2_leaf_reg': 3, 'model__learning_rate': 0.05, 'pca__n_components': 3}",0.7205825181479376,0.03904712360067445,0.7143190170663546,0.04602192182324539,0.7431324495379217,0.04875438816623257,0.7079695437872401,0.04838757761017173,0.6113450849341233,0.04815557101531699,0.9358766640967394,0.015575229409342577,0.7976638484852601,0.06890126272936116,0.770435311579854,0.9246348064063892,0.9269423565130713,0.20405228825845156,0.21897281272583125
CatBoost,CatBoost_R1_depth6_it500_l23_lr0.05_pca5,"{'model__depth': 6, 'model__iterations': 500, 'model__l2_leaf_reg': 3, 'model__learning_rate': 0.05, 'pca__n_components': 5}",0.8556670026200182,0.033613591664565276,0.846059822619267,0.03184504498987146,0.8726434687255435,0.03460127959029892,0.8520321289578432,0.02951365551920876,0.7964110772745949,0.046264963063024606,0.9773950818855386,0.00813866120816875,0.9341206827696305,0.024204205165276386,0.8947861167882571,0.9929874558977977,0.9926239609484722,0.13732045327777953,0.14059183199062897
CatBoost,CatBoost_R1_depth6_it500_l23_lr0.05_pca8,"{'model__depth': 6, 'model__iterations': 500, 'model__l2_leaf_reg': 3, 'model__learning_rate': 0.05, 'pca__n_components': 8}",0.8958599044337158,0.02837087269666099,0.8935895609102704,0.02485449339233501,0.9027010071480402,0.021979790807287528,0.8946328719913403,0.020196012277659766,0.8523993449663468,0.038994498145546924,0.9855389789207152,0.006370247339518192,0.955027939228347,0.023411027147019356,0.9252868279009535,0.997982400347216,0.9983969159989453,0.1021224959135002,0.10376404400760497
CatBoost,CatBoost_R1_depth6_it500_l23_lr0.05_pca12,"{'model__depth': 6, 'model__iterations': 500, 'model__l2_leaf_reg': 3, 'model__learning_rate': 0.05, 'pca__n_components': 12}",0.9026978213102443,0.02834425928075371,0.9047740514501733,0.031031145826081144,0.9110869370419366,0.01734268742753795,0.9046502362423109,0.019799578683318237,0.8620926661552994,0.03908224260575178,0.9881875808083752,0.004901066335238639,0.9637113249464798,0.01607714886604423,0.9331359647554801,0.9986792365424992,0.9990302484890476,0.0959814152322549,0.09438001224673676
CatBoost,CatBoost_R1_depth6_it500_l23_lr0.1_pca3,"{'model__depth': 6, 'model__iterations': 500, 'model__l2_leaf_reg': 3, 'model__learning_rate': 0.1, 'pca__n_components': 3}",0.7141489986962147,0.0332322406102246,0.7149332066363745,0.048155400219626436,0.7341248658094532,0.04267096988219828,0.7003244383325729,0.0481155332279203,0.6021229538224742,0.04269923713619267,0.9345752479541585,0.015133929531174106,0.7997342212406026,0.06732432313077968,0.7670400454948042,0.9436107574211523,0.9456296741887646,0.22946175872493757,0.2453052358561918
CatBoost,CatBoost_R1_depth6_it500_l23_lr0.1_pca5,"{'model__depth': 6, 'model__iterations': 500, 'model__l2_leaf_reg': 3, 'model__learning_rate': 0.1, 'pca__n_components': 5}",0.8543603554949879,0.041235936231409004,0.8458133321249092,0.041529511627156415,0.8709658304634124,0.03843537224759358,0.8507088595391303,0.037177710226541226,0.7947126440446123,0.056518953435599935,0.9774039130037263,0.00887986974926796,0.933898984118432,0.025348807545538515,0.893988055226623,0.9974782439983674,0.9973265085926574,0.14311788850337948,0.14661764905352703
CatBoost,CatBoost_R1_depth6_it500_l23_lr0.1_pca8,"{'model__depth': 6, 'model__iterations': 500, 'model__l2_leaf_reg': 3, 'model__learning_rate': 0.1, 'pca__n_components': 8}",0.8970233877796897,0.02912252434678543,0.8972095786305863,0.031204931168671794,0.9027214383799057,0.02291329735588113,0.897094817126882,0.02373383549050235,0.8536357287596475,0.04020533604605584,0.9857752966245922,0.0061429180843094915,0.9533028516406583,0.026179203569221543,0.9257385110491213,0.9997118065481108,0.9998043301010829,0.10268841876842105,0.10270951297420094
CatBoost,CatBoost_R1_depth6_it500_l23_lr0.1_pca12,"{'model__depth': 6, 'model__iterations': 500, 'model__l2_leaf_reg': 3, 'model__learning_rate': 0.1, 'pca__n_components': 12}",0.9075749130886324,0.02433506675099759,0.9135330789665884,0.030533282549186625,0.9172093572677931,0.015628509826017968,0.9123811557927333,0.0190140288709656,0.8688857370210414,0.033382231307901036,0.9894571979845898,0.003585782676524861,0.9669087033162548,0.013821542685764607,0.9379109092065029,0.9999039355457979,0.9999347747607983,0.09232902245716557,0.08755361896806502
CatBoost,CatBoost_R1_depth6_it500_l25_lr0.03_pca3,"{'model__depth': 6, 'model__iterations': 500, 'model__l2_leaf_reg': 5, 'model__learning_rate': 0.03, 'pca__n_components': 3}",0.7195033846577513,0.03826336554203136,0.7114296397604098,0.04584232097095333,0.7477829540129217,0.04964813155450314,0.7105696797469131,0.049726724042774346,0.611434121264315,0.04532698476933186,0.9344654112610377,0.014646591788714183,0.7923802303572774,0.06619882752663775,0.7695556569121159,0.9030919496434752,0.9077397134930365,0.18358856498572385,0.1971700337461234
CatBoost,CatBoost_R1_depth6_it500_l25_lr0.03_pca5,"{'model__depth': 6, 'model__iterations': 500, 'model__l2_leaf_reg': 5, 'model__learning_rate': 0.03, 'pca__n_components': 5}",0.8525882218839118,0.0322237767619575,0.8352683957982512,0.04227212519328975,0.8719236090429062,0.02963215659739449,0.8442194337073431,0.036000633863761414,0.7928739016032431,0.043371377206309354,0.9774359999535832,0.007448781335647713,0.9313614028382758,0.022705586798638083,0.8906725957824135,0.9849176908821924,0.9841057831737675,0.13232946899828057,0.13988634946642442
CatBoost,CatBoost_R1_depth6_it500_l25_lr0.03_pca8,"{'model__depth': 6, 'model__iterations': 500, 'model__l2_leaf_reg': 5, 'model__learning_rate': 0.03, 'pca__n_components': 8}",0.887145801047654,0.03168378254478667,0.884978069931264,0.026068475848496565,0.8970558340837087,0.023664845972399793,0.8876887746704026,0.022001156798341887,0.8405566673976372,0.04326099295354825,0.9840091268528626,0.006372968760562675,0.9519767168089371,0.023748670335805893,0.9199812750593862,0.9929876434333721,0.9939592065738132,0.10584184238571814,0.10627043190341057
CatBoost,CatBoost_R1_depth6_it500_l25_lr0.03_pca12,"{'model__depth': 6, 'model__iterations': 500, 'model__l2_leaf_reg': 5, 'model__learning_rate': 0.03, 'pca__n_components': 12}",0.891352046043121,0.02838490201605094,0.8911216704775091,0.03195804747960327,0.9022985373550696,0.01552583864016558,0.8933907676168463,0.022205342785915957,0.8463765523037923,0.03873321650840088,0.9861126879359856,0.005734325895983569,0.9584595235994844,0.01927032000546379,0.9250128557894088,0.9938043950520562,0.9945102522775493,0.10245234900893518,0.10111948466070297
CatBoost,CatBoost_R1_depth6_it500_l25_lr0.05_pca3,"{'model__depth': 6, 'model__iterations': 500, 'model__l2_leaf_reg': 5, 'model__learning_rate': 0.05, 'pca__n_components': 3}",0.7194313773760574,0.04018089735369079,0.7150955214194135,0.04631684653747361,0.7389465930265375,0.04838100741772426,0.7077614932789557,0.04822581465902105,0.6087393191973114,0.04895090099978862,0.9358752493009941,0.015569429862297878,0.7960177905435174,0.06765106302426732,0.7693829811403763,0.9208173179543916,0.9234041715406649,0.20138594057833414,0.21564267826170924
CatBoost,CatBoost_R1_depth6_it500_l25_lr0.05_pca5,"{'model__depth': 6, 'model__iterations': 500, 'model__l2_leaf_reg': 5, 'model__learning_rate': 0.05, 'pca__n_components': 5}",0.8542371490275832,0.035743521139479296,0.8437282184202732,0.038254329631412995,0.8721528329919014,0.03358398757598501,0.8502952211418272,0.033655512137810005,0.7947448971680932,0.048564377447119673,0.9774915168655609,0.008013889964272812,0.9314122216374366,0.02491324138603726,0.8930266304544369,0.9910419657965172,0.9905657874751658,0.13680481676893397,0.14027056633333856
CatBoost,CatBoost_R1_depth6_it500_l25_lr0.05_pca8,"{'model__depth': 6, 'model__iterations': 500, 'model__l2_leaf_reg': 5, 'model__learning_rate': 0.05, 'pca__n_components': 8}",0.8930958129875295,0.03023037576873578,0.8906704296256904,0.025632763143240297,0.9028652553682928,0.024676543410516383,0.8932414361448062,0.021752357338036713,0.8486986566098562,0.041514058315238196,0.985128487675212,0.006339282232029292,0.9534126221480006,0.024286366426809366,0.9236677955325782,0.9968534427404039,0.9974192696671069,0.10375762975287439,0.1041778335223007
CatBoost,CatBoost_R1_depth6_it500_l25_lr0.05_pca12,"{'model__depth': 6, 'model__iterations': 500, 'model__l2_leaf_reg': 5, 'model__learning_rate': 0.05, 'pca__n_components': 12}",0.9000970888437271,0.027329985081885513,0.9027692330163625,0.03013138195510378,0.9074382681009366,0.014769878489794304,0.9017958809640838,0.01919293131904189,0.8584687458289887,0.03762170212059789,0.9879483754498262,0.004903934131958418,0.9634796410307912,0.01633584524006071,0.9315032983031232,0.997766564649632,0.9983168780880185,0.0976694758059049,0.0965209971239347
CatBoost,CatBoost_R1_depth6_it500_l25_lr0.1_pca3,"{'model__depth': 6, 'model__iterations': 500, 'model__l2_leaf_reg': 5, 'model__learning_rate': 0.1, 'pca__n_components': 3}",0.7174507974386957,0.04537755544549874,0.7163041550110826,0.051952213951329235,0.7363949310219475,0.05009578933175639,0.7057741567525336,0.04956121586738893,0.6058809086823209,0.05932093799457604,0.9347675112889193,0.016746746185850214,0.7991095082170439,0.07060618622907475,0.7692747064369128,0.9385423529023857,0.9404450739480916,0.22109155546369008,0.234670917195558
CatBoost,CatBoost_R1_depth6_it500_l25_lr0.1_pca5,"{'model__depth': 6, 'model__iterations': 500, 'model__l2_leaf_reg': 5, 'model__learning_rate': 0.1, 'pca__n_components': 5}",0.8539773485233427,0.04253181692184527,0.8463895449618766,0.042517336451157565,0.8714480266677509,0.04192908347136612,0.8513734374044357,0.04000730480341987,0.7940689295525932,0.058248512194298496,0.977139718484678,0.008574362965651157,0.931794725487685,0.024039202286386677,0.8934008758894724,0.9965415653108709,0.9963151382179019,0.14256421678752818,0.14494170081346613
CatBoost,CatBoost_R1_depth6_it500_l25_lr0.1_pca8,"{'model__depth': 6, 'model__iterations': 500, 'model__l2_leaf_reg': 5, 'model__learning_rate': 0.1, 'pca__n_components': 8}",0.9002908442596878,0.028009756457216085,0.902178536793458,0.03037026789488033,0.9039338262726361,0.021840970132299364,0.900095596321832,0.02289587023262032,0.8582453793928687,0.03892586709001843,0.985428051993907,0.0062971716065376325,0.9542228299799127,0.024984844824483248,0.9278137053327263,0.9994235525376368,0.9995930772744117,0.09913270827794907,0.09949748095257971
CatBoost,CatBoost_R1_depth6_it500_l25_lr0.1_pca12,"{'model__depth': 6, 'model__iterations': 500, 'model__l2_leaf_reg': 5, 'model__learning_rate': 0.1, 'pca__n_components': 12}",0.905662992960617,0.025055466990350005,0.9099669304194158,0.02911763072263204,0.9125076827945422,0.017000659012770685,0.9080659845149313,0.018027670431387983,0.8661239826125428,0.03446572792181044,0.989060612457604,0.004265799978538388,0.9663348726066572,0.014570453381945845,0.9358209494759532,0.9996156669544467,0.9997394521159452,0.09395267399382967,0.09167346760101391
CatBoost,CatBoost_R1_depth6_it500_l210_lr0.03_pca3,"{'model__depth': 6, 'model__iterations': 500, 'model__l2_leaf_reg': 10, 'model__learning_rate': 0.03, 'pca__n_components': 3}",0.7182284779587417,0.034940174384234614,0.7081250575492496,0.04295759592352719,0.7465361262006409,0.04758856038285124,0.7079586320136297,0.04664602210932604,0.6097511832420951,0.04117692470623652,0.9330891712696516,0.01407476960504873,0.7891384204980033,0.06481025336404686,0.7673242147108935,0.8960315650173252,0.9018235734394711,0.1778030870585835,0.19386494142584132
CatBoost,CatBoost_R1_depth6_it500_l210_lr0.03_pca5,"{'model__depth': 6, 'model__iterations': 500, 'model__l2_leaf_reg': 10, 'model__learning_rate': 0.03, 'pca__n_components': 5}",0.8507573414989288,0.031129396840077136,0.8329650819537513,0.04363692328322352,0.870688477341748,0.029064845056361213,0.8421744566888704,0.03710198661452928,0.7902981244737026,0.04172591364342088,0.97658349782646,0.007734175141807085,0.9275483903585944,0.02494419525941882,0.8882906364281054,0.9816278223864874,0.9806829908561701,0.1308704808875586,0.1385085341672997
CatBoost,CatBoost_R1_depth6_it500_l210_lr0.03_pca8,"{'model__depth': 6, 'model__iterations': 500, 'model__l2_leaf_reg': 10, 'model__learning_rate': 0.03, 'pca__n_components': 8}",0.881958570929622,0.03273006830638534,0.8767520687766334,0.029323951290530993,0.8932110380379339,0.022675090743036905,0.8813073331698231,0.024066365220012625,0.8338300838970525,0.04431811522025193,0.9831240913414023,0.0067062401902521045,0.948985549231069,0.02558097943295793,0.9157359747831394,0.9899373726729317,0.9908552922014332,0.10797880174330965,0.10954795903161008
CatBoost,CatBoost_R1_depth6_it500_l210_lr0.03_pca12,"{'model__depth': 6, 'model__iterations': 500, 'model__l2_leaf_reg': 10, 'model__learning_rate': 0.03, 'pca__n_components': 12}",0.8844512431656705,0.030825130615463228,0.8794702193383115,0.034850308893617725,0.8952871653014034,0.018628829626626472,0.8836514842297921,0.02653911303672191,0.8369065355815855,0.04172565522961305,0.9847298817781412,0.006008640526934099,0.9545635053365448,0.017934626890094976,0.9188894191190432,0.9912586064902852,0.9920739099273088,0.10680736332461471,0.1084224256975167
CatBoost,CatBoost_R1_depth6_it500_l210_lr0.05_pca3,"{'model__depth': 6, 'model__iterations': 500, 'model__l2_leaf_reg': 10, 'model__learning_rate': 0.05, 'pca__n_components': 3}",0.7183698673534856,0.03818894251582848,0.7129636118110689,0.04571786607038626,0.7406928448280553,0.0477126415197142,0.707048621734384,0.04761389387011239,0.6080064518515549,0.046163932865942746,0.9353083351407877,0.014854296591640385,0.7947001617920227,0.06794273405149305,0.768584003150728,0.9140926724699632,0.9176193442595716,0.19572280511647755,0.2105707225251876
CatBoost,CatBoost_R1_depth6_it500_l210_lr0.05_pca5,"{'model__depth': 6, 'model__iterations': 500, 'model__l2_leaf_reg': 10, 'model__learning_rate': 0.05, 'pca__n_components': 5}",0.8519132966849903,0.03168924651618697,0.8375061347098602,0.04265118306726118,0.8694475319728155,0.030164019108261452,0.8448280189491972,0.03518762314554529,0.791754344422356,0.0429256076136788,0.9775564794828637,0.007578997793847202,0.929845439903097,0.027320326614870733,0.890183543687824,0.9880159494083628,0.9873970913018686,0.13610265272337252,0.14256907235267136
CatBoost,CatBoost_R1_depth6_it500_l210_lr0.05_pca8,"{'model__depth': 6, 'model__iterations': 500, 'model__l2_leaf_reg': 10, 'model__learning_rate': 0.05, 'pca__n_components': 8}",0.8918416718121055,0.030044527412159815,0.8894608846784706,0.025307379125076898,0.9021083761855586,0.023666321093965114,0.8924102674251488,0.020840421660271034,0.846830355760033,0.04155945826029571,0.9840651157010836,0.006828124677404374,0.9528077349501485,0.02353737494235547,0.9228777267517714,0.9951723123370725,0.9958891359375276,0.10333064052496699,0.10347886851237875
CatBoost,CatBoost_R1_depth6_it500_l210_lr0.05_pca12,"{'model__depth': 6, 'model__iterations': 500, 'model__l2_leaf_reg': 10, 'model__learning_rate': 0.05, 'pca__n_components': 12}",0.8980860071875207,0.028755490003399362,0.8965339559336138,0.03268667395080945,0.9084283563812441,0.015060944384938747,0.8993563037333893,0.02179762951571819,0.8557683671557754,0.03956111646591189,0.9873515043569361,0.005558206227652316,0.9612316198151107,0.017624113886294483,0.9294907023754625,0.996157278506568,0.9968033179314701,0.09807127131904725,0.09744701419808088
CatBoost,CatBoost_R1_depth6_it500_l210_lr0.1_pca3,"{'model__depth': 6, 'model__iterations': 500, 'model__l2_leaf_reg': 10, 'model__learning_rate': 0.1, 'pca__n_components': 3}",0.7148254034206131,0.035334375580140936,0.7131087630943972,0.046344529180584355,0.7385715509104097,0.047538737625433064,0.7035622733710876,0.04907178397819301,0.6032381632990854,0.04540899111910308,0.9346547215218546,0.01586453173856606,0.7986057701853736,0.06790871785112815,0.7679290417353347,0.9326822898995903,0.9345072892340293,0.21785688647897727,0.2309450158629417
CatBoost,CatBoost_R1_depth6_it500_l210_lr0.1_pca5,"{'model__depth': 6, 'model__iterations': 500, 'model__l2_leaf_reg': 10, 'model__learning_rate': 0.1, 'pca__n_components': 5}",0.8530932933479587,0.037121039753867754,0.8433834831292726,0.039871720588362955,0.870012676635147,0.032059275831232206,0.8491700370362996,0.03377121479336872,0.7930252753676214,0.05088770428825284,0.9774091212795126,0.007851006568659395,0.932482399978581,0.02492427898319046,0.8927216915662304,0.994355918476279,0.9940857576511961,0.14126262512832033,0.14491572061489655
CatBoost,CatBoost_R1_depth6_it500_l210_lr0.1_pca8,"{'model__depth': 6, 'model__iterations': 500, 'model__l2_leaf_reg': 10, 'model__learning_rate': 0.1, 'pca__n_components': 8}",0.8992319345395364,0.02887164932220247,0.8959461162690969,0.029002698027917474,0.9045830653119099,0.022973139380396492,0.8969509406486059,0.022194780590161195,0.8568407658230328,0.04012803908367948,0.9857931056105956,0.006745208265323808,0.9552612130550211,0.02485308995819204,0.9268775122050478,0.9984866373074774,0.9988524478114502,0.09925470276794102,0.1019015071628443
CatBoost,CatBoost_R1_depth6_it500_l210_lr0.1_pca12,"{'model__depth': 6, 'model__iterations': 500, 'model__l2_leaf_reg': 10, 'model__learning_rate': 0.1, 'pca__n_components': 12}",0.9012530508149235,0.02743775542417676,0.9039213755341138,0.03199459491420984,0.9080282660654992,0.015470335349480183,0.9027515222214468,0.020588381337660628,0.8600390122658246,0.03760380782208665,0.9884147848513625,0.0047257063157458085,0.9640460574437686,0.01678438265794849,0.9322723619327092,0.9991836146623371,0.9994094449543345,0.09793056384741361,0.09665792273288765
